[2026-02-16T21:37:33.535+0000] {manager.py:487} INFO - Processing files using up to 1 processes at a time 
[2026-02-16T21:37:33.535+0000] {manager.py:488} INFO - Process each file at most once every 30 seconds
[2026-02-16T21:37:33.535+0000] {manager.py:489} INFO - Checking for new files in /workspaces/hands-on-introduction-data-engineering-4395021/airflow/dags every 2 seconds
[2026-02-16T21:37:33.536+0000] {manager.py:758} INFO - Searching for files in /workspaces/hands-on-introduction-data-engineering-4395021/airflow/dags
[2026-02-16T21:37:33.558+0000] {manager.py:761} INFO - There are 47 files in /workspaces/hands-on-introduction-data-engineering-4395021/airflow/dags
[2026-02-16T21:37:34.108+0000] {manager.py:889} INFO - 
================================================================================
DAG File Processing Stats

File Path                                                                                                                         PID    Runtime      # DAGs    # Errors  Last Runtime    Last Run
--------------------------------------------------------------------------------------------------------------------------------  -----  ---------  --------  ----------  --------------  -------------------
/home/vscode/.local/lib/python3.10/site-packages/airflow/example_dags/example_dag_decorator.py                                                             0           0
/home/vscode/.local/lib/python3.10/site-packages/airflow/example_dags/example_xcom.py                                                                      0           0
/home/vscode/.local/lib/python3.10/site-packages/airflow/example_dags/example_setup_teardown.py                                                            0           0
/home/vscode/.local/lib/python3.10/site-packages/airflow/example_dags/example_xcomargs.py                                                                  0           0
/home/vscode/.local/lib/python3.10/site-packages/airflow/example_dags/example_time_delta_sensor_async.py                                                   0           0
/home/vscode/.local/lib/python3.10/site-packages/airflow/example_dags/example_branch_operator_decorator.py                                                 0           0
/home/vscode/.local/lib/python3.10/site-packages/airflow/example_dags/example_subdag_operator.py                                                           0           0
/home/vscode/.local/lib/python3.10/site-packages/airflow/example_dags/example_branch_labels.py                                                             0           0
/home/vscode/.local/lib/python3.10/site-packages/airflow/example_dags/example_dynamic_task_mapping_with_no_taskflow_operators.py                           0           0
/home/vscode/.local/lib/python3.10/site-packages/airflow/example_dags/example_kubernetes_executor.py                                                       0           0
/home/vscode/.local/lib/python3.10/site-packages/airflow/example_dags/example_passing_params_via_test_command.py                                           0           0
/home/vscode/.local/lib/python3.10/site-packages/airflow/example_dags/example_short_circuit_operator.py                                                    0           0
/home/vscode/.local/lib/python3.10/site-packages/airflow/example_dags/tutorial_taskflow_api.py                                                             0           0
/home/vscode/.local/lib/python3.10/site-packages/airflow/example_dags/example_latest_only_with_trigger.py                                                  0           0
/home/vscode/.local/lib/python3.10/site-packages/airflow/example_dags/example_short_circuit_decorator.py                                                   0           0
/home/vscode/.local/lib/python3.10/site-packages/airflow/example_dags/tutorial_dag.py                                                                      0           0
/home/vscode/.local/lib/python3.10/site-packages/airflow/example_dags/example_params_ui_tutorial.py                                                        0           0
/home/vscode/.local/lib/python3.10/site-packages/airflow/example_dags/example_trigger_controller_dag.py                                                    0           0
/home/vscode/.local/lib/python3.10/site-packages/airflow/example_dags/tutorial_taskflow_api_virtualenv.py                                                  0           0
/home/vscode/.local/lib/python3.10/site-packages/airflow/example_dags/example_sensors.py                                                                   0           0
/home/vscode/.local/lib/python3.10/site-packages/airflow/example_dags/example_dynamic_task_mapping.py                                                      0           0
/home/vscode/.local/lib/python3.10/site-packages/airflow/example_dags/example_params_trigger_ui.py                                                         0           0
/home/vscode/.local/lib/python3.10/site-packages/airflow/example_dags/example_datasets.py                                                                  0           0
/home/vscode/.local/lib/python3.10/site-packages/airflow/example_dags/example_branch_python_dop_operator_3.py                                              0           0
/home/vscode/.local/lib/python3.10/site-packages/airflow/example_dags/example_nested_branch_dag.py                                                         0           0
/home/vscode/.local/lib/python3.10/site-packages/airflow/example_dags/example_python_operator.py                                                           0           0
/home/vscode/.local/lib/python3.10/site-packages/airflow/example_dags/example_local_kubernetes_executor.py                                                 0           0
/home/vscode/.local/lib/python3.10/site-packages/airflow/example_dags/example_task_group.py                                                                0           0
/home/vscode/.local/lib/python3.10/site-packages/airflow/example_dags/example_latest_only.py                                                               0           0
/home/vscode/.local/lib/python3.10/site-packages/airflow/example_dags/example_skip_dag.py                                                                  0           0
/home/vscode/.local/lib/python3.10/site-packages/airflow/example_dags/example_sla_dag.py                                                                   0           0
/home/vscode/.local/lib/python3.10/site-packages/airflow/example_dags/example_trigger_target_dag.py                                                        0           0
/home/vscode/.local/lib/python3.10/site-packages/airflow/example_dags/example_setup_teardown_taskflow.py                                                   0           0
/home/vscode/.local/lib/python3.10/site-packages/airflow/example_dags/example_task_group_decorator.py                                                      0           0
/home/vscode/.local/lib/python3.10/site-packages/airflow/example_dags/example_complex.py                                                                   0           0
/home/vscode/.local/lib/python3.10/site-packages/airflow/example_dags/example_branch_day_of_week_operator.py                                               0           0
/home/vscode/.local/lib/python3.10/site-packages/airflow/example_dags/example_sensor_decorator.py                                                          0           0
/home/vscode/.local/lib/python3.10/site-packages/airflow/example_dags/example_branch_datetime_operator.py                                                  0           0
/home/vscode/.local/lib/python3.10/site-packages/airflow/example_dags/tutorial.py                                                                          0           0
/home/vscode/.local/lib/python3.10/site-packages/airflow/example_dags/example_external_task_marker_dag.py                                                  0           0
/home/vscode/.local/lib/python3.10/site-packages/airflow/example_dags/example_bash_operator.py                                                             0           0
/home/vscode/.local/lib/python3.10/site-packages/airflow/example_dags/example_branch_operator.py                                                           0           0
/home/vscode/.local/lib/python3.10/site-packages/airflow/example_dags/plugins/workday.py                                                                   0           0
/home/vscode/.local/lib/python3.10/site-packages/airflow/example_dags/plugins/listener_plugin.py                                                           0           0
/home/vscode/.local/lib/python3.10/site-packages/airflow/example_dags/plugins/event_listener.py                                                            0           0
/home/vscode/.local/lib/python3.10/site-packages/airflow/example_dags/subdags/subdag.py                                                                    0           0
/workspaces/hands-on-introduction-data-engineering-4395021/airflow/dags/extract_dag.py                                                                     1           0  0.31s           2026-02-16T21:37:33
================================================================================
[2026-02-16T21:37:36.531+0000] {manager.py:758} INFO - Searching for files in /workspaces/hands-on-introduction-data-engineering-4395021/airflow/dags
[2026-02-16T21:37:36.550+0000] {manager.py:761} INFO - There are 47 files in /workspaces/hands-on-introduction-data-engineering-4395021/airflow/dags
[2026-02-16T21:37:38.575+0000] {manager.py:758} INFO - Searching for files in /workspaces/hands-on-introduction-data-engineering-4395021/airflow/dags
[2026-02-16T21:37:38.589+0000] {manager.py:761} INFO - There are 47 files in /workspaces/hands-on-introduction-data-engineering-4395021/airflow/dags
[2026-02-16T21:37:40.876+0000] {manager.py:758} INFO - Searching for files in /workspaces/hands-on-introduction-data-engineering-4395021/airflow/dags
[2026-02-16T21:37:40.890+0000] {manager.py:761} INFO - There are 47 files in /workspaces/hands-on-introduction-data-engineering-4395021/airflow/dags
[2026-02-16T21:37:43.201+0000] {manager.py:758} INFO - Searching for files in /workspaces/hands-on-introduction-data-engineering-4395021/airflow/dags
[2026-02-16T21:37:43.215+0000] {manager.py:761} INFO - There are 47 files in /workspaces/hands-on-introduction-data-engineering-4395021/airflow/dags
[2026-02-16T21:37:46.006+0000] {manager.py:758} INFO - Searching for files in /workspaces/hands-on-introduction-data-engineering-4395021/airflow/dags
[2026-02-16T21:37:46.020+0000] {manager.py:761} INFO - There are 47 files in /workspaces/hands-on-introduction-data-engineering-4395021/airflow/dags
[2026-02-16T21:37:48.298+0000] {manager.py:758} INFO - Searching for files in /workspaces/hands-on-introduction-data-engineering-4395021/airflow/dags
[2026-02-16T21:37:48.313+0000] {manager.py:761} INFO - There are 47 files in /workspaces/hands-on-introduction-data-engineering-4395021/airflow/dags
[2026-02-16T21:37:51.145+0000] {manager.py:758} INFO - Searching for files in /workspaces/hands-on-introduction-data-engineering-4395021/airflow/dags
[2026-02-16T21:37:51.159+0000] {manager.py:761} INFO - There are 47 files in /workspaces/hands-on-introduction-data-engineering-4395021/airflow/dags
[2026-02-16T21:37:53.433+0000] {manager.py:758} INFO - Searching for files in /workspaces/hands-on-introduction-data-engineering-4395021/airflow/dags
[2026-02-16T21:37:53.447+0000] {manager.py:761} INFO - There are 47 files in /workspaces/hands-on-introduction-data-engineering-4395021/airflow/dags
[2026-02-16T21:37:56.414+0000] {manager.py:758} INFO - Searching for files in /workspaces/hands-on-introduction-data-engineering-4395021/airflow/dags
[2026-02-16T21:37:56.429+0000] {manager.py:761} INFO - There are 47 files in /workspaces/hands-on-introduction-data-engineering-4395021/airflow/dags
[2026-02-16T21:37:58.807+0000] {manager.py:758} INFO - Searching for files in /workspaces/hands-on-introduction-data-engineering-4395021/airflow/dags
[2026-02-16T21:37:58.821+0000] {manager.py:761} INFO - There are 47 files in /workspaces/hands-on-introduction-data-engineering-4395021/airflow/dags
[2026-02-16T21:38:01.436+0000] {manager.py:758} INFO - Searching for files in /workspaces/hands-on-introduction-data-engineering-4395021/airflow/dags
[2026-02-16T21:38:01.450+0000] {manager.py:761} INFO - There are 47 files in /workspaces/hands-on-introduction-data-engineering-4395021/airflow/dags
[2026-02-16T21:38:03.708+0000] {manager.py:758} INFO - Searching for files in /workspaces/hands-on-introduction-data-engineering-4395021/airflow/dags
[2026-02-16T21:38:03.722+0000] {manager.py:761} INFO - There are 47 files in /workspaces/hands-on-introduction-data-engineering-4395021/airflow/dags
[2026-02-16T21:38:04.438+0000] {manager.py:889} INFO - 
================================================================================
DAG File Processing Stats

File Path                                                                                                                         PID    Runtime      # DAGs    # Errors  Last Runtime    Last Run
--------------------------------------------------------------------------------------------------------------------------------  -----  ---------  --------  ----------  --------------  -------------------
/home/vscode/.local/lib/python3.10/site-packages/airflow/example_dags/example_dag_decorator.py                                                             0           0
/home/vscode/.local/lib/python3.10/site-packages/airflow/example_dags/example_setup_teardown.py                                                            0           0  0.10s           2026-02-16T21:37:48
/home/vscode/.local/lib/python3.10/site-packages/airflow/example_dags/example_branch_operator_decorator.py                                                 0           0
/home/vscode/.local/lib/python3.10/site-packages/airflow/example_dags/example_branch_labels.py                                                             0           0
/home/vscode/.local/lib/python3.10/site-packages/airflow/example_dags/example_dynamic_task_mapping_with_no_taskflow_operators.py                           0           0
/home/vscode/.local/lib/python3.10/site-packages/airflow/example_dags/example_kubernetes_executor.py                                                       0           0  0.10s           2026-02-16T21:38:00
/home/vscode/.local/lib/python3.10/site-packages/airflow/example_dags/example_dynamic_task_mapping.py                                                      0           0
/home/vscode/.local/lib/python3.10/site-packages/airflow/example_dags/example_datasets.py                                                                  0           0
/home/vscode/.local/lib/python3.10/site-packages/airflow/example_dags/example_branch_python_dop_operator_3.py                                              0           0
/home/vscode/.local/lib/python3.10/site-packages/airflow/example_dags/example_local_kubernetes_executor.py                                                 0           0  0.12s           2026-02-16T21:38:04
/home/vscode/.local/lib/python3.10/site-packages/airflow/example_dags/example_latest_only.py                                                               0           0
/home/vscode/.local/lib/python3.10/site-packages/airflow/example_dags/example_setup_teardown_taskflow.py                                                   0           0  0.11s           2026-02-16T21:37:54
/home/vscode/.local/lib/python3.10/site-packages/airflow/example_dags/example_complex.py                                                                   0           0
/home/vscode/.local/lib/python3.10/site-packages/airflow/example_dags/example_branch_day_of_week_operator.py                                               0           0
/home/vscode/.local/lib/python3.10/site-packages/airflow/example_dags/example_branch_datetime_operator.py                                                  0           0
/home/vscode/.local/lib/python3.10/site-packages/airflow/example_dags/example_external_task_marker_dag.py                                                  0           0
/home/vscode/.local/lib/python3.10/site-packages/airflow/example_dags/example_bash_operator.py                                                             0           0
/home/vscode/.local/lib/python3.10/site-packages/airflow/example_dags/example_branch_operator.py                                                           0           0
/home/vscode/.local/lib/python3.10/site-packages/airflow/example_dags/plugins/workday.py                                                                   0           0  0.10s           2026-02-16T21:37:35
/home/vscode/.local/lib/python3.10/site-packages/airflow/example_dags/plugins/listener_plugin.py                                                           0           0  0.10s           2026-02-16T21:37:37
/home/vscode/.local/lib/python3.10/site-packages/airflow/example_dags/plugins/event_listener.py                                                            0           0  0.10s           2026-02-16T21:37:38
/home/vscode/.local/lib/python3.10/site-packages/airflow/example_dags/subdags/subdag.py                                                                    0           0  0.10s           2026-02-16T21:37:36
/workspaces/hands-on-introduction-data-engineering-4395021/airflow/dags/extract_dag.py                                                                     1           0  0.31s           2026-02-16T21:37:33
/home/vscode/.local/lib/python3.10/site-packages/airflow/example_dags/example_xcom.py                                                                      1           0  0.10s           2026-02-16T21:37:43
/home/vscode/.local/lib/python3.10/site-packages/airflow/example_dags/example_time_delta_sensor_async.py                                                   1           0  0.10s           2026-02-16T21:37:44
/home/vscode/.local/lib/python3.10/site-packages/airflow/example_dags/example_passing_params_via_test_command.py                                           1           0  0.21s           2026-02-16T21:37:55
/home/vscode/.local/lib/python3.10/site-packages/airflow/example_dags/example_short_circuit_operator.py                                                    1           0  0.10s           2026-02-16T21:37:51
/home/vscode/.local/lib/python3.10/site-packages/airflow/example_dags/tutorial_taskflow_api.py                                                             1           0  0.11s           2026-02-16T21:37:42
/home/vscode/.local/lib/python3.10/site-packages/airflow/example_dags/example_latest_only_with_trigger.py                                                  1           0  0.10s           2026-02-16T21:38:01
/home/vscode/.local/lib/python3.10/site-packages/airflow/example_dags/example_short_circuit_decorator.py                                                   1           0  0.10s           2026-02-16T21:37:52
/home/vscode/.local/lib/python3.10/site-packages/airflow/example_dags/tutorial_dag.py                                                                      1           0  0.10s           2026-02-16T21:37:43
/home/vscode/.local/lib/python3.10/site-packages/airflow/example_dags/example_params_ui_tutorial.py                                                        1           0  0.20s           2026-02-16T21:37:56
/home/vscode/.local/lib/python3.10/site-packages/airflow/example_dags/example_trigger_controller_dag.py                                                    1           0  0.10s           2026-02-16T21:37:46
/home/vscode/.local/lib/python3.10/site-packages/airflow/example_dags/tutorial_taskflow_api_virtualenv.py                                                  1           0  0.10s           2026-02-16T21:37:39
/home/vscode/.local/lib/python3.10/site-packages/airflow/example_dags/example_sensors.py                                                                   1           0  0.10s           2026-02-16T21:37:57
/home/vscode/.local/lib/python3.10/site-packages/airflow/example_dags/example_params_trigger_ui.py                                                         1           0  0.11s           2026-02-16T21:38:02
/home/vscode/.local/lib/python3.10/site-packages/airflow/example_dags/example_nested_branch_dag.py                                                         1           0  0.10s           2026-02-16T21:38:03
/home/vscode/.local/lib/python3.10/site-packages/airflow/example_dags/example_python_operator.py                                                           1           0  0.21s           2026-02-16T21:37:59
/home/vscode/.local/lib/python3.10/site-packages/airflow/example_dags/example_task_group.py                                                                1           0  0.10s           2026-02-16T21:37:47
/home/vscode/.local/lib/python3.10/site-packages/airflow/example_dags/example_skip_dag.py                                                                  1           0  0.10s           2026-02-16T21:37:53
/home/vscode/.local/lib/python3.10/site-packages/airflow/example_dags/example_sla_dag.py                                                                   1           0  0.11s           2026-02-16T21:37:53
/home/vscode/.local/lib/python3.10/site-packages/airflow/example_dags/example_trigger_target_dag.py                                                        1           0  0.10s           2026-02-16T21:37:48
/home/vscode/.local/lib/python3.10/site-packages/airflow/example_dags/example_task_group_decorator.py                                                      1           0  0.10s           2026-02-16T21:37:48
/home/vscode/.local/lib/python3.10/site-packages/airflow/example_dags/example_sensor_decorator.py                                                          1           0  0.10s           2026-02-16T21:37:59
/home/vscode/.local/lib/python3.10/site-packages/airflow/example_dags/tutorial.py                                                                          1           0  0.10s           2026-02-16T21:37:43
/home/vscode/.local/lib/python3.10/site-packages/airflow/example_dags/example_xcomargs.py                                                                  2           0  0.10s           2026-02-16T21:37:41
/home/vscode/.local/lib/python3.10/site-packages/airflow/example_dags/example_subdag_operator.py                                                           3           0  0.10s           2026-02-16T21:37:50
================================================================================
[2026-02-16T21:38:06.721+0000] {manager.py:758} INFO - Searching for files in /workspaces/hands-on-introduction-data-engineering-4395021/airflow/dags
[2026-02-16T21:38:06.735+0000] {manager.py:761} INFO - There are 47 files in /workspaces/hands-on-introduction-data-engineering-4395021/airflow/dags
[2026-02-16T21:38:09.114+0000] {manager.py:758} INFO - Searching for files in /workspaces/hands-on-introduction-data-engineering-4395021/airflow/dags
[2026-02-16T21:38:09.128+0000] {manager.py:761} INFO - There are 47 files in /workspaces/hands-on-introduction-data-engineering-4395021/airflow/dags
[2026-02-16T21:38:11.792+0000] {manager.py:758} INFO - Searching for files in /workspaces/hands-on-introduction-data-engineering-4395021/airflow/dags
[2026-02-16T21:38:11.808+0000] {manager.py:761} INFO - There are 47 files in /workspaces/hands-on-introduction-data-engineering-4395021/airflow/dags
[2026-02-16T21:38:13.866+0000] {manager.py:758} INFO - Searching for files in /workspaces/hands-on-introduction-data-engineering-4395021/airflow/dags
[2026-02-16T21:38:13.881+0000] {manager.py:761} INFO - There are 47 files in /workspaces/hands-on-introduction-data-engineering-4395021/airflow/dags
[2026-02-16T21:38:16.938+0000] {manager.py:758} INFO - Searching for files in /workspaces/hands-on-introduction-data-engineering-4395021/airflow/dags
[2026-02-16T21:38:16.952+0000] {manager.py:761} INFO - There are 47 files in /workspaces/hands-on-introduction-data-engineering-4395021/airflow/dags
[2026-02-16T21:38:19.805+0000] {manager.py:758} INFO - Searching for files in /workspaces/hands-on-introduction-data-engineering-4395021/airflow/dags
[2026-02-16T21:38:19.819+0000] {manager.py:761} INFO - There are 47 files in /workspaces/hands-on-introduction-data-engineering-4395021/airflow/dags
[2026-02-16T21:38:22.105+0000] {manager.py:758} INFO - Searching for files in /workspaces/hands-on-introduction-data-engineering-4395021/airflow/dags
[2026-02-16T21:38:22.119+0000] {manager.py:761} INFO - There are 47 files in /workspaces/hands-on-introduction-data-engineering-4395021/airflow/dags
[2026-02-16T21:38:24.972+0000] {manager.py:758} INFO - Searching for files in /workspaces/hands-on-introduction-data-engineering-4395021/airflow/dags
[2026-02-16T21:38:24.987+0000] {manager.py:761} INFO - There are 47 files in /workspaces/hands-on-introduction-data-engineering-4395021/airflow/dags
[2026-02-16T21:38:27.267+0000] {manager.py:758} INFO - Searching for files in /workspaces/hands-on-introduction-data-engineering-4395021/airflow/dags
[2026-02-16T21:38:27.284+0000] {manager.py:761} INFO - There are 47 files in /workspaces/hands-on-introduction-data-engineering-4395021/airflow/dags
[2026-02-16T21:38:29.563+0000] {manager.py:758} INFO - Searching for files in /workspaces/hands-on-introduction-data-engineering-4395021/airflow/dags
[2026-02-16T21:38:29.578+0000] {manager.py:761} INFO - There are 47 files in /workspaces/hands-on-introduction-data-engineering-4395021/airflow/dags
[2026-02-16T21:38:32.422+0000] {manager.py:758} INFO - Searching for files in /workspaces/hands-on-introduction-data-engineering-4395021/airflow/dags
[2026-02-16T21:38:32.437+0000] {manager.py:761} INFO - There are 47 files in /workspaces/hands-on-introduction-data-engineering-4395021/airflow/dags
[2026-02-16T21:38:35.283+0000] {manager.py:758} INFO - Searching for files in /workspaces/hands-on-introduction-data-engineering-4395021/airflow/dags
[2026-02-16T21:38:35.298+0000] {manager.py:761} INFO - There are 47 files in /workspaces/hands-on-introduction-data-engineering-4395021/airflow/dags
[2026-02-16T21:38:35.414+0000] {manager.py:889} INFO - 
================================================================================
DAG File Processing Stats

File Path                                                                                                                         PID    Runtime      # DAGs    # Errors  Last Runtime    Last Run
--------------------------------------------------------------------------------------------------------------------------------  -----  ---------  --------  ----------  --------------  -------------------
/home/vscode/.local/lib/python3.10/site-packages/airflow/example_dags/example_setup_teardown.py                                                            0           0  0.10s           2026-02-16T21:38:35
/home/vscode/.local/lib/python3.10/site-packages/airflow/example_dags/example_kubernetes_executor.py                                                       0           0  0.10s           2026-02-16T21:38:00
/home/vscode/.local/lib/python3.10/site-packages/airflow/example_dags/example_local_kubernetes_executor.py                                                 0           0  0.12s           2026-02-16T21:38:04
/home/vscode/.local/lib/python3.10/site-packages/airflow/example_dags/example_setup_teardown_taskflow.py                                                   0           0  0.11s           2026-02-16T21:37:54
/home/vscode/.local/lib/python3.10/site-packages/airflow/example_dags/plugins/workday.py                                                                   0           0  0.10s           2026-02-16T21:38:21
/home/vscode/.local/lib/python3.10/site-packages/airflow/example_dags/plugins/listener_plugin.py                                                           0           0  0.10s           2026-02-16T21:38:23
/home/vscode/.local/lib/python3.10/site-packages/airflow/example_dags/plugins/event_listener.py                                                            0           0  0.10s           2026-02-16T21:38:24
/home/vscode/.local/lib/python3.10/site-packages/airflow/example_dags/subdags/subdag.py                                                                    0           0  0.10s           2026-02-16T21:38:22
/workspaces/hands-on-introduction-data-engineering-4395021/airflow/dags/extract_dag.py                                                                     1           0  0.11s           2026-02-16T21:38:19
/home/vscode/.local/lib/python3.10/site-packages/airflow/example_dags/example_dag_decorator.py                                                             1           0  0.20s           2026-02-16T21:38:06
/home/vscode/.local/lib/python3.10/site-packages/airflow/example_dags/example_xcom.py                                                                      1           0  0.11s           2026-02-16T21:38:30
/home/vscode/.local/lib/python3.10/site-packages/airflow/example_dags/example_time_delta_sensor_async.py                                                   1           0  0.10s           2026-02-16T21:38:31
/home/vscode/.local/lib/python3.10/site-packages/airflow/example_dags/example_branch_operator_decorator.py                                                 1           0  0.10s           2026-02-16T21:38:13
/home/vscode/.local/lib/python3.10/site-packages/airflow/example_dags/example_branch_labels.py                                                             1           0  0.11s           2026-02-16T21:38:14
/home/vscode/.local/lib/python3.10/site-packages/airflow/example_dags/example_dynamic_task_mapping_with_no_taskflow_operators.py                           1           0  0.10s           2026-02-16T21:38:08
/home/vscode/.local/lib/python3.10/site-packages/airflow/example_dags/example_passing_params_via_test_command.py                                           1           0  0.21s           2026-02-16T21:37:55
/home/vscode/.local/lib/python3.10/site-packages/airflow/example_dags/example_short_circuit_operator.py                                                    1           0  0.10s           2026-02-16T21:37:51
/home/vscode/.local/lib/python3.10/site-packages/airflow/example_dags/tutorial_taskflow_api.py                                                             1           0  0.11s           2026-02-16T21:38:27
/home/vscode/.local/lib/python3.10/site-packages/airflow/example_dags/example_latest_only_with_trigger.py                                                  1           0  0.10s           2026-02-16T21:38:01
/home/vscode/.local/lib/python3.10/site-packages/airflow/example_dags/example_short_circuit_decorator.py                                                   1           0  0.10s           2026-02-16T21:37:52
/home/vscode/.local/lib/python3.10/site-packages/airflow/example_dags/tutorial_dag.py                                                                      1           0  0.10s           2026-02-16T21:38:28
/home/vscode/.local/lib/python3.10/site-packages/airflow/example_dags/example_params_ui_tutorial.py                                                        1           0  0.20s           2026-02-16T21:37:56
/home/vscode/.local/lib/python3.10/site-packages/airflow/example_dags/example_trigger_controller_dag.py                                                    1           0  0.10s           2026-02-16T21:38:32
/home/vscode/.local/lib/python3.10/site-packages/airflow/example_dags/tutorial_taskflow_api_virtualenv.py                                                  1           0  0.10s           2026-02-16T21:38:25
/home/vscode/.local/lib/python3.10/site-packages/airflow/example_dags/example_sensors.py                                                                   1           0  0.10s           2026-02-16T21:37:57
/home/vscode/.local/lib/python3.10/site-packages/airflow/example_dags/example_dynamic_task_mapping.py                                                      1           0  0.10s           2026-02-16T21:38:09
/home/vscode/.local/lib/python3.10/site-packages/airflow/example_dags/example_params_trigger_ui.py                                                         1           0  0.11s           2026-02-16T21:38:02
/home/vscode/.local/lib/python3.10/site-packages/airflow/example_dags/example_branch_python_dop_operator_3.py                                              1           0  0.10s           2026-02-16T21:38:10
/home/vscode/.local/lib/python3.10/site-packages/airflow/example_dags/example_nested_branch_dag.py                                                         1           0  0.10s           2026-02-16T21:38:03
/home/vscode/.local/lib/python3.10/site-packages/airflow/example_dags/example_python_operator.py                                                           1           0  0.21s           2026-02-16T21:37:59
/home/vscode/.local/lib/python3.10/site-packages/airflow/example_dags/example_task_group.py                                                                1           0  0.10s           2026-02-16T21:38:33
/home/vscode/.local/lib/python3.10/site-packages/airflow/example_dags/example_latest_only.py                                                               1           0  0.21s           2026-02-16T21:38:05
/home/vscode/.local/lib/python3.10/site-packages/airflow/example_dags/example_skip_dag.py                                                                  1           0  0.10s           2026-02-16T21:37:53
/home/vscode/.local/lib/python3.10/site-packages/airflow/example_dags/example_sla_dag.py                                                                   1           0  0.11s           2026-02-16T21:37:53
/home/vscode/.local/lib/python3.10/site-packages/airflow/example_dags/example_trigger_target_dag.py                                                        1           0  0.10s           2026-02-16T21:38:34
/home/vscode/.local/lib/python3.10/site-packages/airflow/example_dags/example_task_group_decorator.py                                                      1           0  0.10s           2026-02-16T21:38:34
/home/vscode/.local/lib/python3.10/site-packages/airflow/example_dags/example_complex.py                                                                   1           0  0.10s           2026-02-16T21:38:11
/home/vscode/.local/lib/python3.10/site-packages/airflow/example_dags/example_branch_day_of_week_operator.py                                               1           0  0.10s           2026-02-16T21:38:15
/home/vscode/.local/lib/python3.10/site-packages/airflow/example_dags/example_sensor_decorator.py                                                          1           0  0.10s           2026-02-16T21:37:59
/home/vscode/.local/lib/python3.10/site-packages/airflow/example_dags/tutorial.py                                                                          1           0  0.10s           2026-02-16T21:38:29
/home/vscode/.local/lib/python3.10/site-packages/airflow/example_dags/example_bash_operator.py                                                             1           0  0.10s           2026-02-16T21:38:18
/home/vscode/.local/lib/python3.10/site-packages/airflow/example_dags/example_branch_operator.py                                                           1           0  0.10s           2026-02-16T21:38:18
/home/vscode/.local/lib/python3.10/site-packages/airflow/example_dags/example_xcomargs.py                                                                  2           0  0.10s           2026-02-16T21:38:26
/home/vscode/.local/lib/python3.10/site-packages/airflow/example_dags/example_external_task_marker_dag.py                                                  2           0  0.11s           2026-02-16T21:38:13
/home/vscode/.local/lib/python3.10/site-packages/airflow/example_dags/example_subdag_operator.py                                                           3           0  0.10s           2026-02-16T21:37:50
/home/vscode/.local/lib/python3.10/site-packages/airflow/example_dags/example_branch_datetime_operator.py                                                  3           0  0.21s           2026-02-16T21:38:17
/home/vscode/.local/lib/python3.10/site-packages/airflow/example_dags/example_datasets.py                                                                  6           0  0.10s           2026-02-16T21:38:09
================================================================================
[2026-02-16T21:38:37.584+0000] {manager.py:758} INFO - Searching for files in /workspaces/hands-on-introduction-data-engineering-4395021/airflow/dags
[2026-02-16T21:38:37.599+0000] {manager.py:761} INFO - There are 47 files in /workspaces/hands-on-introduction-data-engineering-4395021/airflow/dags
[2026-02-16T21:38:40.023+0000] {manager.py:758} INFO - Searching for files in /workspaces/hands-on-introduction-data-engineering-4395021/airflow/dags
[2026-02-16T21:38:40.041+0000] {manager.py:761} INFO - There are 47 files in /workspaces/hands-on-introduction-data-engineering-4395021/airflow/dags
[2026-02-16T21:38:42.720+0000] {manager.py:758} INFO - Searching for files in /workspaces/hands-on-introduction-data-engineering-4395021/airflow/dags
[2026-02-16T21:38:42.735+0000] {manager.py:761} INFO - There are 47 files in /workspaces/hands-on-introduction-data-engineering-4395021/airflow/dags
[2026-02-16T21:38:44.358+0000] {manager.py:470} INFO - Exiting gracefully upon receiving signal 15
[2026-02-16T21:38:52.627+0000] {manager.py:487} INFO - Processing files using up to 1 processes at a time 
[2026-02-16T21:38:52.627+0000] {manager.py:488} INFO - Process each file at most once every 30 seconds
[2026-02-16T21:38:52.627+0000] {manager.py:489} INFO - Checking for new files in /workspaces/hands-on-introduction-data-engineering-4395021/airflow/dags every 2 seconds
[2026-02-16T21:38:52.628+0000] {manager.py:758} INFO - Searching for files in /workspaces/hands-on-introduction-data-engineering-4395021/airflow/dags
[2026-02-16T21:38:52.629+0000] {manager.py:761} INFO - There are 1 files in /workspaces/hands-on-introduction-data-engineering-4395021/airflow/dags
[2026-02-16T21:38:53.001+0000] {manager.py:889} INFO - 
================================================================================
DAG File Processing Stats

File Path                                                                               PID    Runtime      # DAGs    # Errors  Last Runtime    Last Run
--------------------------------------------------------------------------------------  -----  ---------  --------  ----------  --------------  -------------------
/workspaces/hands-on-introduction-data-engineering-4395021/airflow/dags/extract_dag.py                           1           0  0.11s           2026-02-16T21:38:52
================================================================================
[2026-02-16T21:38:55.218+0000] {manager.py:758} INFO - Searching for files in /workspaces/hands-on-introduction-data-engineering-4395021/airflow/dags
[2026-02-16T21:38:55.219+0000] {manager.py:761} INFO - There are 1 files in /workspaces/hands-on-introduction-data-engineering-4395021/airflow/dags
[2026-02-16T21:38:57.284+0000] {manager.py:758} INFO - Searching for files in /workspaces/hands-on-introduction-data-engineering-4395021/airflow/dags
[2026-02-16T21:38:57.286+0000] {manager.py:761} INFO - There are 1 files in /workspaces/hands-on-introduction-data-engineering-4395021/airflow/dags
[2026-02-16T21:38:59.803+0000] {manager.py:758} INFO - Searching for files in /workspaces/hands-on-introduction-data-engineering-4395021/airflow/dags
[2026-02-16T21:38:59.804+0000] {manager.py:761} INFO - There are 1 files in /workspaces/hands-on-introduction-data-engineering-4395021/airflow/dags
[2026-02-16T21:39:01.990+0000] {manager.py:758} INFO - Searching for files in /workspaces/hands-on-introduction-data-engineering-4395021/airflow/dags
[2026-02-16T21:39:01.991+0000] {manager.py:761} INFO - There are 1 files in /workspaces/hands-on-introduction-data-engineering-4395021/airflow/dags
[2026-02-16T21:39:04.826+0000] {manager.py:758} INFO - Searching for files in /workspaces/hands-on-introduction-data-engineering-4395021/airflow/dags
[2026-02-16T21:39:04.827+0000] {manager.py:761} INFO - There are 1 files in /workspaces/hands-on-introduction-data-engineering-4395021/airflow/dags
[2026-02-16T21:39:06.887+0000] {manager.py:758} INFO - Searching for files in /workspaces/hands-on-introduction-data-engineering-4395021/airflow/dags
[2026-02-16T21:39:06.888+0000] {manager.py:761} INFO - There are 1 files in /workspaces/hands-on-introduction-data-engineering-4395021/airflow/dags
[2026-02-16T21:39:09.860+0000] {manager.py:758} INFO - Searching for files in /workspaces/hands-on-introduction-data-engineering-4395021/airflow/dags
[2026-02-16T21:39:09.861+0000] {manager.py:761} INFO - There are 1 files in /workspaces/hands-on-introduction-data-engineering-4395021/airflow/dags
[2026-02-16T21:39:11.926+0000] {manager.py:758} INFO - Searching for files in /workspaces/hands-on-introduction-data-engineering-4395021/airflow/dags
[2026-02-16T21:39:11.927+0000] {manager.py:761} INFO - There are 1 files in /workspaces/hands-on-introduction-data-engineering-4395021/airflow/dags
[2026-02-16T21:39:14.890+0000] {manager.py:758} INFO - Searching for files in /workspaces/hands-on-introduction-data-engineering-4395021/airflow/dags
[2026-02-16T21:39:14.891+0000] {manager.py:761} INFO - There are 1 files in /workspaces/hands-on-introduction-data-engineering-4395021/airflow/dags
[2026-02-16T21:39:16.951+0000] {manager.py:758} INFO - Searching for files in /workspaces/hands-on-introduction-data-engineering-4395021/airflow/dags
[2026-02-16T21:39:16.952+0000] {manager.py:761} INFO - There are 1 files in /workspaces/hands-on-introduction-data-engineering-4395021/airflow/dags
[2026-02-16T21:39:20.728+0000] {manager.py:758} INFO - Searching for files in /workspaces/hands-on-introduction-data-engineering-4395021/airflow/dags
[2026-02-16T21:39:20.729+0000] {manager.py:761} INFO - There are 1 files in /workspaces/hands-on-introduction-data-engineering-4395021/airflow/dags
[2026-02-16T21:39:22.742+0000] {manager.py:758} INFO - Searching for files in /workspaces/hands-on-introduction-data-engineering-4395021/airflow/dags
[2026-02-16T21:39:22.743+0000] {manager.py:761} INFO - There are 1 files in /workspaces/hands-on-introduction-data-engineering-4395021/airflow/dags
[2026-02-16T21:39:24.037+0000] {manager.py:889} INFO - 
================================================================================
DAG File Processing Stats

File Path                                                                               PID    Runtime      # DAGs    # Errors  Last Runtime    Last Run
--------------------------------------------------------------------------------------  -----  ---------  --------  ----------  --------------  -------------------
/workspaces/hands-on-introduction-data-engineering-4395021/airflow/dags/extract_dag.py                           1           0  0.10s           2026-02-16T21:39:24
================================================================================
[2026-02-16T21:39:25.064+0000] {manager.py:758} INFO - Searching for files in /workspaces/hands-on-introduction-data-engineering-4395021/airflow/dags
[2026-02-16T21:39:25.065+0000] {manager.py:761} INFO - There are 1 files in /workspaces/hands-on-introduction-data-engineering-4395021/airflow/dags
[2026-02-16T21:39:27.147+0000] {manager.py:758} INFO - Searching for files in /workspaces/hands-on-introduction-data-engineering-4395021/airflow/dags
[2026-02-16T21:39:27.148+0000] {manager.py:761} INFO - There are 1 files in /workspaces/hands-on-introduction-data-engineering-4395021/airflow/dags
[2026-02-16T21:39:29.987+0000] {manager.py:758} INFO - Searching for files in /workspaces/hands-on-introduction-data-engineering-4395021/airflow/dags
[2026-02-16T21:39:29.988+0000] {manager.py:761} INFO - There are 1 files in /workspaces/hands-on-introduction-data-engineering-4395021/airflow/dags
[2026-02-16T21:39:32.058+0000] {manager.py:758} INFO - Searching for files in /workspaces/hands-on-introduction-data-engineering-4395021/airflow/dags
[2026-02-16T21:39:32.059+0000] {manager.py:761} INFO - There are 1 files in /workspaces/hands-on-introduction-data-engineering-4395021/airflow/dags
[2026-02-16T21:39:35.021+0000] {manager.py:758} INFO - Searching for files in /workspaces/hands-on-introduction-data-engineering-4395021/airflow/dags
[2026-02-16T21:39:35.022+0000] {manager.py:761} INFO - There are 1 files in /workspaces/hands-on-introduction-data-engineering-4395021/airflow/dags
[2026-02-16T21:39:37.083+0000] {manager.py:758} INFO - Searching for files in /workspaces/hands-on-introduction-data-engineering-4395021/airflow/dags
[2026-02-16T21:39:37.084+0000] {manager.py:761} INFO - There are 1 files in /workspaces/hands-on-introduction-data-engineering-4395021/airflow/dags
[2026-02-16T21:39:40.056+0000] {manager.py:758} INFO - Searching for files in /workspaces/hands-on-introduction-data-engineering-4395021/airflow/dags
[2026-02-16T21:39:40.057+0000] {manager.py:761} INFO - There are 1 files in /workspaces/hands-on-introduction-data-engineering-4395021/airflow/dags
[2026-02-16T21:39:42.124+0000] {manager.py:758} INFO - Searching for files in /workspaces/hands-on-introduction-data-engineering-4395021/airflow/dags
[2026-02-16T21:39:42.125+0000] {manager.py:761} INFO - There are 1 files in /workspaces/hands-on-introduction-data-engineering-4395021/airflow/dags
[2026-02-16T21:39:45.089+0000] {manager.py:758} INFO - Searching for files in /workspaces/hands-on-introduction-data-engineering-4395021/airflow/dags
[2026-02-16T21:39:45.090+0000] {manager.py:761} INFO - There are 1 files in /workspaces/hands-on-introduction-data-engineering-4395021/airflow/dags
[2026-02-16T21:39:47.149+0000] {manager.py:758} INFO - Searching for files in /workspaces/hands-on-introduction-data-engineering-4395021/airflow/dags
[2026-02-16T21:39:47.150+0000] {manager.py:761} INFO - There are 1 files in /workspaces/hands-on-introduction-data-engineering-4395021/airflow/dags
[2026-02-16T21:39:50.122+0000] {manager.py:758} INFO - Searching for files in /workspaces/hands-on-introduction-data-engineering-4395021/airflow/dags
[2026-02-16T21:39:50.123+0000] {manager.py:761} INFO - There are 1 files in /workspaces/hands-on-introduction-data-engineering-4395021/airflow/dags
[2026-02-16T21:39:52.182+0000] {manager.py:758} INFO - Searching for files in /workspaces/hands-on-introduction-data-engineering-4395021/airflow/dags
[2026-02-16T21:39:52.184+0000] {manager.py:761} INFO - There are 1 files in /workspaces/hands-on-introduction-data-engineering-4395021/airflow/dags
[2026-02-16T21:39:54.234+0000] {manager.py:889} INFO - 
================================================================================
DAG File Processing Stats

File Path                                                                               PID    Runtime      # DAGs    # Errors  Last Runtime    Last Run
--------------------------------------------------------------------------------------  -----  ---------  --------  ----------  --------------  -------------------
/workspaces/hands-on-introduction-data-engineering-4395021/airflow/dags/extract_dag.py                           1           0  0.10s           2026-02-16T21:39:54
================================================================================
[2026-02-16T21:39:55.265+0000] {manager.py:758} INFO - Searching for files in /workspaces/hands-on-introduction-data-engineering-4395021/airflow/dags
[2026-02-16T21:39:55.266+0000] {manager.py:761} INFO - There are 1 files in /workspaces/hands-on-introduction-data-engineering-4395021/airflow/dags
[2026-02-16T21:39:57.337+0000] {manager.py:758} INFO - Searching for files in /workspaces/hands-on-introduction-data-engineering-4395021/airflow/dags
[2026-02-16T21:39:57.338+0000] {manager.py:761} INFO - There are 1 files in /workspaces/hands-on-introduction-data-engineering-4395021/airflow/dags
[2026-02-16T21:40:00.186+0000] {manager.py:758} INFO - Searching for files in /workspaces/hands-on-introduction-data-engineering-4395021/airflow/dags
[2026-02-16T21:40:00.187+0000] {manager.py:761} INFO - There are 1 files in /workspaces/hands-on-introduction-data-engineering-4395021/airflow/dags
[2026-02-16T21:40:02.248+0000] {manager.py:758} INFO - Searching for files in /workspaces/hands-on-introduction-data-engineering-4395021/airflow/dags
[2026-02-16T21:40:02.249+0000] {manager.py:761} INFO - There are 1 files in /workspaces/hands-on-introduction-data-engineering-4395021/airflow/dags
[2026-02-16T21:40:05.221+0000] {manager.py:758} INFO - Searching for files in /workspaces/hands-on-introduction-data-engineering-4395021/airflow/dags
[2026-02-16T21:40:05.222+0000] {manager.py:761} INFO - There are 1 files in /workspaces/hands-on-introduction-data-engineering-4395021/airflow/dags
[2026-02-16T21:40:07.282+0000] {manager.py:758} INFO - Searching for files in /workspaces/hands-on-introduction-data-engineering-4395021/airflow/dags
[2026-02-16T21:40:07.283+0000] {manager.py:761} INFO - There are 1 files in /workspaces/hands-on-introduction-data-engineering-4395021/airflow/dags
[2026-02-16T21:40:10.254+0000] {manager.py:758} INFO - Searching for files in /workspaces/hands-on-introduction-data-engineering-4395021/airflow/dags
[2026-02-16T21:40:10.255+0000] {manager.py:761} INFO - There are 1 files in /workspaces/hands-on-introduction-data-engineering-4395021/airflow/dags
[2026-02-16T21:40:12.321+0000] {manager.py:758} INFO - Searching for files in /workspaces/hands-on-introduction-data-engineering-4395021/airflow/dags
[2026-02-16T21:40:12.322+0000] {manager.py:761} INFO - There are 1 files in /workspaces/hands-on-introduction-data-engineering-4395021/airflow/dags
[2026-02-16T21:40:15.286+0000] {manager.py:758} INFO - Searching for files in /workspaces/hands-on-introduction-data-engineering-4395021/airflow/dags
[2026-02-16T21:40:15.287+0000] {manager.py:761} INFO - There are 1 files in /workspaces/hands-on-introduction-data-engineering-4395021/airflow/dags
[2026-02-16T21:40:17.346+0000] {manager.py:758} INFO - Searching for files in /workspaces/hands-on-introduction-data-engineering-4395021/airflow/dags
[2026-02-16T21:40:17.347+0000] {manager.py:761} INFO - There are 1 files in /workspaces/hands-on-introduction-data-engineering-4395021/airflow/dags
[2026-02-16T21:40:20.318+0000] {manager.py:758} INFO - Searching for files in /workspaces/hands-on-introduction-data-engineering-4395021/airflow/dags
[2026-02-16T21:40:20.320+0000] {manager.py:761} INFO - There are 1 files in /workspaces/hands-on-introduction-data-engineering-4395021/airflow/dags
[2026-02-16T21:40:22.379+0000] {manager.py:758} INFO - Searching for files in /workspaces/hands-on-introduction-data-engineering-4395021/airflow/dags
[2026-02-16T21:40:22.380+0000] {manager.py:761} INFO - There are 1 files in /workspaces/hands-on-introduction-data-engineering-4395021/airflow/dags
[2026-02-16T21:40:24.434+0000] {manager.py:889} INFO - 
================================================================================
DAG File Processing Stats

File Path                                                                               PID    Runtime      # DAGs    # Errors  Last Runtime    Last Run
--------------------------------------------------------------------------------------  -----  ---------  --------  ----------  --------------  -------------------
/workspaces/hands-on-introduction-data-engineering-4395021/airflow/dags/extract_dag.py                           1           0  0.11s           2026-02-16T21:40:24
================================================================================
[2026-02-16T21:40:25.462+0000] {manager.py:758} INFO - Searching for files in /workspaces/hands-on-introduction-data-engineering-4395021/airflow/dags
[2026-02-16T21:40:25.463+0000] {manager.py:761} INFO - There are 1 files in /workspaces/hands-on-introduction-data-engineering-4395021/airflow/dags
[2026-02-16T21:40:27.523+0000] {manager.py:758} INFO - Searching for files in /workspaces/hands-on-introduction-data-engineering-4395021/airflow/dags
[2026-02-16T21:40:27.524+0000] {manager.py:761} INFO - There are 1 files in /workspaces/hands-on-introduction-data-engineering-4395021/airflow/dags
[2026-02-16T21:40:30.383+0000] {manager.py:758} INFO - Searching for files in /workspaces/hands-on-introduction-data-engineering-4395021/airflow/dags
[2026-02-16T21:40:30.384+0000] {manager.py:761} INFO - There are 1 files in /workspaces/hands-on-introduction-data-engineering-4395021/airflow/dags
[2026-02-16T21:40:32.443+0000] {manager.py:758} INFO - Searching for files in /workspaces/hands-on-introduction-data-engineering-4395021/airflow/dags
[2026-02-16T21:40:32.444+0000] {manager.py:761} INFO - There are 1 files in /workspaces/hands-on-introduction-data-engineering-4395021/airflow/dags
[2026-02-16T21:40:35.415+0000] {manager.py:758} INFO - Searching for files in /workspaces/hands-on-introduction-data-engineering-4395021/airflow/dags
[2026-02-16T21:40:35.416+0000] {manager.py:761} INFO - There are 1 files in /workspaces/hands-on-introduction-data-engineering-4395021/airflow/dags
[2026-02-16T21:40:37.476+0000] {manager.py:758} INFO - Searching for files in /workspaces/hands-on-introduction-data-engineering-4395021/airflow/dags
[2026-02-16T21:40:37.477+0000] {manager.py:761} INFO - There are 1 files in /workspaces/hands-on-introduction-data-engineering-4395021/airflow/dags
[2026-02-16T21:40:40.446+0000] {manager.py:758} INFO - Searching for files in /workspaces/hands-on-introduction-data-engineering-4395021/airflow/dags
[2026-02-16T21:40:40.448+0000] {manager.py:761} INFO - There are 1 files in /workspaces/hands-on-introduction-data-engineering-4395021/airflow/dags
[2026-02-16T21:40:42.506+0000] {manager.py:758} INFO - Searching for files in /workspaces/hands-on-introduction-data-engineering-4395021/airflow/dags
[2026-02-16T21:40:42.507+0000] {manager.py:761} INFO - There are 1 files in /workspaces/hands-on-introduction-data-engineering-4395021/airflow/dags
[2026-02-16T21:40:45.478+0000] {manager.py:758} INFO - Searching for files in /workspaces/hands-on-introduction-data-engineering-4395021/airflow/dags
[2026-02-16T21:40:45.479+0000] {manager.py:761} INFO - There are 1 files in /workspaces/hands-on-introduction-data-engineering-4395021/airflow/dags
[2026-02-16T21:40:47.538+0000] {manager.py:758} INFO - Searching for files in /workspaces/hands-on-introduction-data-engineering-4395021/airflow/dags
[2026-02-16T21:40:47.540+0000] {manager.py:761} INFO - There are 1 files in /workspaces/hands-on-introduction-data-engineering-4395021/airflow/dags
[2026-02-16T21:40:50.511+0000] {manager.py:758} INFO - Searching for files in /workspaces/hands-on-introduction-data-engineering-4395021/airflow/dags
[2026-02-16T21:40:50.512+0000] {manager.py:761} INFO - There are 1 files in /workspaces/hands-on-introduction-data-engineering-4395021/airflow/dags
[2026-02-16T21:40:52.571+0000] {manager.py:758} INFO - Searching for files in /workspaces/hands-on-introduction-data-engineering-4395021/airflow/dags
[2026-02-16T21:40:52.572+0000] {manager.py:761} INFO - There are 1 files in /workspaces/hands-on-introduction-data-engineering-4395021/airflow/dags
[2026-02-16T21:40:54.623+0000] {manager.py:889} INFO - 
================================================================================
DAG File Processing Stats

File Path                                                                               PID    Runtime      # DAGs    # Errors  Last Runtime    Last Run
--------------------------------------------------------------------------------------  -----  ---------  --------  ----------  --------------  -------------------
/workspaces/hands-on-introduction-data-engineering-4395021/airflow/dags/extract_dag.py                           1           0  0.10s           2026-02-16T21:40:54
================================================================================
[2026-02-16T21:40:55.651+0000] {manager.py:758} INFO - Searching for files in /workspaces/hands-on-introduction-data-engineering-4395021/airflow/dags
[2026-02-16T21:40:55.653+0000] {manager.py:761} INFO - There are 1 files in /workspaces/hands-on-introduction-data-engineering-4395021/airflow/dags
[2026-02-16T21:40:57.713+0000] {manager.py:758} INFO - Searching for files in /workspaces/hands-on-introduction-data-engineering-4395021/airflow/dags
[2026-02-16T21:40:57.714+0000] {manager.py:761} INFO - There are 1 files in /workspaces/hands-on-introduction-data-engineering-4395021/airflow/dags
[2026-02-16T21:41:00.574+0000] {manager.py:758} INFO - Searching for files in /workspaces/hands-on-introduction-data-engineering-4395021/airflow/dags
[2026-02-16T21:41:00.575+0000] {manager.py:761} INFO - There are 1 files in /workspaces/hands-on-introduction-data-engineering-4395021/airflow/dags
[2026-02-16T21:41:02.638+0000] {manager.py:758} INFO - Searching for files in /workspaces/hands-on-introduction-data-engineering-4395021/airflow/dags
[2026-02-16T21:41:02.639+0000] {manager.py:761} INFO - There are 1 files in /workspaces/hands-on-introduction-data-engineering-4395021/airflow/dags
[2026-02-16T21:41:05.607+0000] {manager.py:758} INFO - Searching for files in /workspaces/hands-on-introduction-data-engineering-4395021/airflow/dags
[2026-02-16T21:41:05.608+0000] {manager.py:761} INFO - There are 1 files in /workspaces/hands-on-introduction-data-engineering-4395021/airflow/dags
[2026-02-16T21:41:07.668+0000] {manager.py:758} INFO - Searching for files in /workspaces/hands-on-introduction-data-engineering-4395021/airflow/dags
[2026-02-16T21:41:07.669+0000] {manager.py:761} INFO - There are 1 files in /workspaces/hands-on-introduction-data-engineering-4395021/airflow/dags
[2026-02-16T21:41:10.640+0000] {manager.py:758} INFO - Searching for files in /workspaces/hands-on-introduction-data-engineering-4395021/airflow/dags
[2026-02-16T21:41:10.642+0000] {manager.py:761} INFO - There are 1 files in /workspaces/hands-on-introduction-data-engineering-4395021/airflow/dags
[2026-02-16T21:41:12.718+0000] {manager.py:758} INFO - Searching for files in /workspaces/hands-on-introduction-data-engineering-4395021/airflow/dags
[2026-02-16T21:41:12.719+0000] {manager.py:761} INFO - There are 1 files in /workspaces/hands-on-introduction-data-engineering-4395021/airflow/dags
[2026-02-16T21:41:15.671+0000] {manager.py:758} INFO - Searching for files in /workspaces/hands-on-introduction-data-engineering-4395021/airflow/dags
[2026-02-16T21:41:15.672+0000] {manager.py:761} INFO - There are 1 files in /workspaces/hands-on-introduction-data-engineering-4395021/airflow/dags
[2026-02-16T21:41:17.731+0000] {manager.py:758} INFO - Searching for files in /workspaces/hands-on-introduction-data-engineering-4395021/airflow/dags
[2026-02-16T21:41:17.732+0000] {manager.py:761} INFO - There are 1 files in /workspaces/hands-on-introduction-data-engineering-4395021/airflow/dags
[2026-02-16T21:41:20.703+0000] {manager.py:758} INFO - Searching for files in /workspaces/hands-on-introduction-data-engineering-4395021/airflow/dags
[2026-02-16T21:41:20.704+0000] {manager.py:761} INFO - There are 1 files in /workspaces/hands-on-introduction-data-engineering-4395021/airflow/dags
[2026-02-16T21:41:22.765+0000] {manager.py:758} INFO - Searching for files in /workspaces/hands-on-introduction-data-engineering-4395021/airflow/dags
[2026-02-16T21:41:22.766+0000] {manager.py:761} INFO - There are 1 files in /workspaces/hands-on-introduction-data-engineering-4395021/airflow/dags
[2026-02-16T21:41:24.817+0000] {manager.py:889} INFO - 
================================================================================
DAG File Processing Stats

File Path                                                                               PID    Runtime      # DAGs    # Errors  Last Runtime    Last Run
--------------------------------------------------------------------------------------  -----  ---------  --------  ----------  --------------  -------------------
/workspaces/hands-on-introduction-data-engineering-4395021/airflow/dags/extract_dag.py                           1           0  0.10s           2026-02-16T21:41:24
================================================================================
[2026-02-16T21:41:25.845+0000] {manager.py:758} INFO - Searching for files in /workspaces/hands-on-introduction-data-engineering-4395021/airflow/dags
[2026-02-16T21:41:25.846+0000] {manager.py:761} INFO - There are 1 files in /workspaces/hands-on-introduction-data-engineering-4395021/airflow/dags
[2026-02-16T21:41:27.906+0000] {manager.py:758} INFO - Searching for files in /workspaces/hands-on-introduction-data-engineering-4395021/airflow/dags
[2026-02-16T21:41:27.907+0000] {manager.py:761} INFO - There are 1 files in /workspaces/hands-on-introduction-data-engineering-4395021/airflow/dags
[2026-02-16T21:41:30.776+0000] {manager.py:758} INFO - Searching for files in /workspaces/hands-on-introduction-data-engineering-4395021/airflow/dags
[2026-02-16T21:41:30.777+0000] {manager.py:761} INFO - There are 1 files in /workspaces/hands-on-introduction-data-engineering-4395021/airflow/dags
[2026-02-16T21:41:32.838+0000] {manager.py:758} INFO - Searching for files in /workspaces/hands-on-introduction-data-engineering-4395021/airflow/dags
[2026-02-16T21:41:32.839+0000] {manager.py:761} INFO - There are 1 files in /workspaces/hands-on-introduction-data-engineering-4395021/airflow/dags
[2026-02-16T21:41:35.803+0000] {manager.py:758} INFO - Searching for files in /workspaces/hands-on-introduction-data-engineering-4395021/airflow/dags
[2026-02-16T21:41:35.804+0000] {manager.py:761} INFO - There are 1 files in /workspaces/hands-on-introduction-data-engineering-4395021/airflow/dags
[2026-02-16T21:41:37.863+0000] {manager.py:758} INFO - Searching for files in /workspaces/hands-on-introduction-data-engineering-4395021/airflow/dags
[2026-02-16T21:41:37.864+0000] {manager.py:761} INFO - There are 1 files in /workspaces/hands-on-introduction-data-engineering-4395021/airflow/dags
[2026-02-16T21:41:40.835+0000] {manager.py:758} INFO - Searching for files in /workspaces/hands-on-introduction-data-engineering-4395021/airflow/dags
[2026-02-16T21:41:40.836+0000] {manager.py:761} INFO - There are 1 files in /workspaces/hands-on-introduction-data-engineering-4395021/airflow/dags
[2026-02-16T21:41:42.894+0000] {manager.py:758} INFO - Searching for files in /workspaces/hands-on-introduction-data-engineering-4395021/airflow/dags
[2026-02-16T21:41:42.895+0000] {manager.py:761} INFO - There are 1 files in /workspaces/hands-on-introduction-data-engineering-4395021/airflow/dags
[2026-02-16T21:41:45.868+0000] {manager.py:758} INFO - Searching for files in /workspaces/hands-on-introduction-data-engineering-4395021/airflow/dags
[2026-02-16T21:41:45.870+0000] {manager.py:761} INFO - There are 1 files in /workspaces/hands-on-introduction-data-engineering-4395021/airflow/dags
[2026-02-16T21:41:47.928+0000] {manager.py:758} INFO - Searching for files in /workspaces/hands-on-introduction-data-engineering-4395021/airflow/dags
[2026-02-16T21:41:47.929+0000] {manager.py:761} INFO - There are 1 files in /workspaces/hands-on-introduction-data-engineering-4395021/airflow/dags
[2026-02-16T21:41:50.901+0000] {manager.py:758} INFO - Searching for files in /workspaces/hands-on-introduction-data-engineering-4395021/airflow/dags
[2026-02-16T21:41:50.903+0000] {manager.py:761} INFO - There are 1 files in /workspaces/hands-on-introduction-data-engineering-4395021/airflow/dags
[2026-02-16T21:41:52.972+0000] {manager.py:758} INFO - Searching for files in /workspaces/hands-on-introduction-data-engineering-4395021/airflow/dags
[2026-02-16T21:41:52.973+0000] {manager.py:761} INFO - There are 1 files in /workspaces/hands-on-introduction-data-engineering-4395021/airflow/dags
[2026-02-16T21:41:55.014+0000] {manager.py:889} INFO - 
================================================================================
DAG File Processing Stats

File Path                                                                               PID    Runtime      # DAGs    # Errors  Last Runtime    Last Run
--------------------------------------------------------------------------------------  -----  ---------  --------  ----------  --------------  -------------------
/workspaces/hands-on-introduction-data-engineering-4395021/airflow/dags/extract_dag.py                           1           0  0.10s           2026-02-16T21:41:55
================================================================================
[2026-02-16T21:41:56.042+0000] {manager.py:758} INFO - Searching for files in /workspaces/hands-on-introduction-data-engineering-4395021/airflow/dags
[2026-02-16T21:41:56.043+0000] {manager.py:761} INFO - There are 1 files in /workspaces/hands-on-introduction-data-engineering-4395021/airflow/dags
[2026-02-16T21:41:58.103+0000] {manager.py:758} INFO - Searching for files in /workspaces/hands-on-introduction-data-engineering-4395021/airflow/dags
[2026-02-16T21:41:58.104+0000] {manager.py:761} INFO - There are 1 files in /workspaces/hands-on-introduction-data-engineering-4395021/airflow/dags
[2026-02-16T21:42:00.965+0000] {manager.py:758} INFO - Searching for files in /workspaces/hands-on-introduction-data-engineering-4395021/airflow/dags
[2026-02-16T21:42:00.966+0000] {manager.py:761} INFO - There are 1 files in /workspaces/hands-on-introduction-data-engineering-4395021/airflow/dags
[2026-02-16T21:42:03.025+0000] {manager.py:758} INFO - Searching for files in /workspaces/hands-on-introduction-data-engineering-4395021/airflow/dags
[2026-02-16T21:42:03.026+0000] {manager.py:761} INFO - There are 1 files in /workspaces/hands-on-introduction-data-engineering-4395021/airflow/dags
[2026-02-16T21:42:05.997+0000] {manager.py:758} INFO - Searching for files in /workspaces/hands-on-introduction-data-engineering-4395021/airflow/dags
[2026-02-16T21:42:05.998+0000] {manager.py:761} INFO - There are 1 files in /workspaces/hands-on-introduction-data-engineering-4395021/airflow/dags
[2026-02-16T21:42:08.009+0000] {manager.py:758} INFO - Searching for files in /workspaces/hands-on-introduction-data-engineering-4395021/airflow/dags
[2026-02-16T21:42:08.010+0000] {manager.py:761} INFO - There are 1 files in /workspaces/hands-on-introduction-data-engineering-4395021/airflow/dags
[2026-02-16T21:42:11.030+0000] {manager.py:758} INFO - Searching for files in /workspaces/hands-on-introduction-data-engineering-4395021/airflow/dags
[2026-02-16T21:42:11.031+0000] {manager.py:761} INFO - There are 1 files in /workspaces/hands-on-introduction-data-engineering-4395021/airflow/dags
[2026-02-16T21:42:13.091+0000] {manager.py:758} INFO - Searching for files in /workspaces/hands-on-introduction-data-engineering-4395021/airflow/dags
[2026-02-16T21:42:13.092+0000] {manager.py:761} INFO - There are 1 files in /workspaces/hands-on-introduction-data-engineering-4395021/airflow/dags
[2026-02-16T21:42:16.061+0000] {manager.py:758} INFO - Searching for files in /workspaces/hands-on-introduction-data-engineering-4395021/airflow/dags
[2026-02-16T21:42:16.063+0000] {manager.py:761} INFO - There are 1 files in /workspaces/hands-on-introduction-data-engineering-4395021/airflow/dags
[2026-02-16T21:42:18.122+0000] {manager.py:758} INFO - Searching for files in /workspaces/hands-on-introduction-data-engineering-4395021/airflow/dags
[2026-02-16T21:42:18.123+0000] {manager.py:761} INFO - There are 1 files in /workspaces/hands-on-introduction-data-engineering-4395021/airflow/dags
[2026-02-16T21:42:21.094+0000] {manager.py:758} INFO - Searching for files in /workspaces/hands-on-introduction-data-engineering-4395021/airflow/dags
[2026-02-16T21:42:21.095+0000] {manager.py:761} INFO - There are 1 files in /workspaces/hands-on-introduction-data-engineering-4395021/airflow/dags
[2026-02-16T21:42:23.269+0000] {manager.py:758} INFO - Searching for files in /workspaces/hands-on-introduction-data-engineering-4395021/airflow/dags
[2026-02-16T21:42:23.271+0000] {manager.py:761} INFO - There are 1 files in /workspaces/hands-on-introduction-data-engineering-4395021/airflow/dags
[2026-02-16T21:42:25.207+0000] {manager.py:889} INFO - 
================================================================================
DAG File Processing Stats

File Path                                                                               PID    Runtime      # DAGs    # Errors  Last Runtime    Last Run
--------------------------------------------------------------------------------------  -----  ---------  --------  ----------  --------------  -------------------
/workspaces/hands-on-introduction-data-engineering-4395021/airflow/dags/extract_dag.py                           1           0  0.10s           2026-02-16T21:42:25
================================================================================
[2026-02-16T21:42:26.234+0000] {manager.py:758} INFO - Searching for files in /workspaces/hands-on-introduction-data-engineering-4395021/airflow/dags
[2026-02-16T21:42:26.236+0000] {manager.py:761} INFO - There are 1 files in /workspaces/hands-on-introduction-data-engineering-4395021/airflow/dags
[2026-02-16T21:42:28.299+0000] {manager.py:758} INFO - Searching for files in /workspaces/hands-on-introduction-data-engineering-4395021/airflow/dags
[2026-02-16T21:42:28.300+0000] {manager.py:761} INFO - There are 1 files in /workspaces/hands-on-introduction-data-engineering-4395021/airflow/dags
[2026-02-16T21:42:31.158+0000] {manager.py:758} INFO - Searching for files in /workspaces/hands-on-introduction-data-engineering-4395021/airflow/dags
[2026-02-16T21:42:31.159+0000] {manager.py:761} INFO - There are 1 files in /workspaces/hands-on-introduction-data-engineering-4395021/airflow/dags
[2026-02-16T21:42:33.218+0000] {manager.py:758} INFO - Searching for files in /workspaces/hands-on-introduction-data-engineering-4395021/airflow/dags
[2026-02-16T21:42:33.219+0000] {manager.py:761} INFO - There are 1 files in /workspaces/hands-on-introduction-data-engineering-4395021/airflow/dags
[2026-02-16T21:42:36.194+0000] {manager.py:758} INFO - Searching for files in /workspaces/hands-on-introduction-data-engineering-4395021/airflow/dags
[2026-02-16T21:42:36.195+0000] {manager.py:761} INFO - There are 1 files in /workspaces/hands-on-introduction-data-engineering-4395021/airflow/dags
[2026-02-16T21:42:39.107+0000] {manager.py:758} INFO - Searching for files in /workspaces/hands-on-introduction-data-engineering-4395021/airflow/dags
[2026-02-16T21:42:39.108+0000] {manager.py:761} INFO - There are 1 files in /workspaces/hands-on-introduction-data-engineering-4395021/airflow/dags
[2026-02-16T21:42:41.221+0000] {manager.py:758} INFO - Searching for files in /workspaces/hands-on-introduction-data-engineering-4395021/airflow/dags
[2026-02-16T21:42:41.222+0000] {manager.py:761} INFO - There are 1 files in /workspaces/hands-on-introduction-data-engineering-4395021/airflow/dags
[2026-02-16T21:42:43.281+0000] {manager.py:758} INFO - Searching for files in /workspaces/hands-on-introduction-data-engineering-4395021/airflow/dags
[2026-02-16T21:42:43.282+0000] {manager.py:761} INFO - There are 1 files in /workspaces/hands-on-introduction-data-engineering-4395021/airflow/dags
[2026-02-16T21:42:46.253+0000] {manager.py:758} INFO - Searching for files in /workspaces/hands-on-introduction-data-engineering-4395021/airflow/dags
[2026-02-16T21:42:46.254+0000] {manager.py:761} INFO - There are 1 files in /workspaces/hands-on-introduction-data-engineering-4395021/airflow/dags
[2026-02-16T21:42:48.313+0000] {manager.py:758} INFO - Searching for files in /workspaces/hands-on-introduction-data-engineering-4395021/airflow/dags
[2026-02-16T21:42:48.314+0000] {manager.py:761} INFO - There are 1 files in /workspaces/hands-on-introduction-data-engineering-4395021/airflow/dags
[2026-02-16T21:42:51.286+0000] {manager.py:758} INFO - Searching for files in /workspaces/hands-on-introduction-data-engineering-4395021/airflow/dags
[2026-02-16T21:42:51.287+0000] {manager.py:761} INFO - There are 1 files in /workspaces/hands-on-introduction-data-engineering-4395021/airflow/dags
[2026-02-16T21:42:53.381+0000] {manager.py:758} INFO - Searching for files in /workspaces/hands-on-introduction-data-engineering-4395021/airflow/dags
[2026-02-16T21:42:53.382+0000] {manager.py:761} INFO - There are 1 files in /workspaces/hands-on-introduction-data-engineering-4395021/airflow/dags
[2026-02-16T21:42:55.399+0000] {manager.py:889} INFO - 
================================================================================
DAG File Processing Stats

File Path                                                                               PID    Runtime      # DAGs    # Errors  Last Runtime    Last Run
--------------------------------------------------------------------------------------  -----  ---------  --------  ----------  --------------  -------------------
/workspaces/hands-on-introduction-data-engineering-4395021/airflow/dags/extract_dag.py                           1           0  0.10s           2026-02-16T21:42:55
================================================================================
[2026-02-16T21:42:56.426+0000] {manager.py:758} INFO - Searching for files in /workspaces/hands-on-introduction-data-engineering-4395021/airflow/dags
[2026-02-16T21:42:56.427+0000] {manager.py:761} INFO - There are 1 files in /workspaces/hands-on-introduction-data-engineering-4395021/airflow/dags
[2026-02-16T21:42:58.487+0000] {manager.py:758} INFO - Searching for files in /workspaces/hands-on-introduction-data-engineering-4395021/airflow/dags
[2026-02-16T21:42:58.488+0000] {manager.py:761} INFO - There are 1 files in /workspaces/hands-on-introduction-data-engineering-4395021/airflow/dags
[2026-02-16T21:43:01.351+0000] {manager.py:758} INFO - Searching for files in /workspaces/hands-on-introduction-data-engineering-4395021/airflow/dags
[2026-02-16T21:43:01.352+0000] {manager.py:761} INFO - There are 1 files in /workspaces/hands-on-introduction-data-engineering-4395021/airflow/dags
[2026-02-16T21:43:03.412+0000] {manager.py:758} INFO - Searching for files in /workspaces/hands-on-introduction-data-engineering-4395021/airflow/dags
[2026-02-16T21:43:03.413+0000] {manager.py:761} INFO - There are 1 files in /workspaces/hands-on-introduction-data-engineering-4395021/airflow/dags
[2026-02-16T21:43:06.383+0000] {manager.py:758} INFO - Searching for files in /workspaces/hands-on-introduction-data-engineering-4395021/airflow/dags
[2026-02-16T21:43:06.384+0000] {manager.py:761} INFO - There are 1 files in /workspaces/hands-on-introduction-data-engineering-4395021/airflow/dags
[2026-02-16T21:43:09.161+0000] {manager.py:758} INFO - Searching for files in /workspaces/hands-on-introduction-data-engineering-4395021/airflow/dags
[2026-02-16T21:43:09.162+0000] {manager.py:761} INFO - There are 1 files in /workspaces/hands-on-introduction-data-engineering-4395021/airflow/dags
[2026-02-16T21:43:11.414+0000] {manager.py:758} INFO - Searching for files in /workspaces/hands-on-introduction-data-engineering-4395021/airflow/dags
[2026-02-16T21:43:11.415+0000] {manager.py:761} INFO - There are 1 files in /workspaces/hands-on-introduction-data-engineering-4395021/airflow/dags
[2026-02-16T21:43:13.451+0000] {manager.py:758} INFO - Searching for files in /workspaces/hands-on-introduction-data-engineering-4395021/airflow/dags
[2026-02-16T21:43:13.453+0000] {manager.py:761} INFO - There are 1 files in /workspaces/hands-on-introduction-data-engineering-4395021/airflow/dags
[2026-02-16T21:43:16.447+0000] {manager.py:758} INFO - Searching for files in /workspaces/hands-on-introduction-data-engineering-4395021/airflow/dags
[2026-02-16T21:43:16.448+0000] {manager.py:761} INFO - There are 1 files in /workspaces/hands-on-introduction-data-engineering-4395021/airflow/dags
[2026-02-16T21:43:18.506+0000] {manager.py:758} INFO - Searching for files in /workspaces/hands-on-introduction-data-engineering-4395021/airflow/dags
[2026-02-16T21:43:18.508+0000] {manager.py:761} INFO - There are 1 files in /workspaces/hands-on-introduction-data-engineering-4395021/airflow/dags
[2026-02-16T21:43:21.478+0000] {manager.py:758} INFO - Searching for files in /workspaces/hands-on-introduction-data-engineering-4395021/airflow/dags
[2026-02-16T21:43:21.480+0000] {manager.py:761} INFO - There are 1 files in /workspaces/hands-on-introduction-data-engineering-4395021/airflow/dags
[2026-02-16T21:43:23.503+0000] {manager.py:758} INFO - Searching for files in /workspaces/hands-on-introduction-data-engineering-4395021/airflow/dags
[2026-02-16T21:43:23.504+0000] {manager.py:761} INFO - There are 1 files in /workspaces/hands-on-introduction-data-engineering-4395021/airflow/dags
[2026-02-16T21:43:25.591+0000] {manager.py:889} INFO - 
================================================================================
DAG File Processing Stats

File Path                                                                               PID    Runtime      # DAGs    # Errors  Last Runtime    Last Run
--------------------------------------------------------------------------------------  -----  ---------  --------  ----------  --------------  -------------------
/workspaces/hands-on-introduction-data-engineering-4395021/airflow/dags/extract_dag.py                           1           0  0.10s           2026-02-16T21:43:25
================================================================================
[2026-02-16T21:43:26.618+0000] {manager.py:758} INFO - Searching for files in /workspaces/hands-on-introduction-data-engineering-4395021/airflow/dags
[2026-02-16T21:43:26.619+0000] {manager.py:761} INFO - There are 1 files in /workspaces/hands-on-introduction-data-engineering-4395021/airflow/dags
[2026-02-16T21:43:28.683+0000] {manager.py:758} INFO - Searching for files in /workspaces/hands-on-introduction-data-engineering-4395021/airflow/dags
[2026-02-16T21:43:28.685+0000] {manager.py:761} INFO - There are 1 files in /workspaces/hands-on-introduction-data-engineering-4395021/airflow/dags
[2026-02-16T21:43:31.542+0000] {manager.py:758} INFO - Searching for files in /workspaces/hands-on-introduction-data-engineering-4395021/airflow/dags
[2026-02-16T21:43:31.543+0000] {manager.py:761} INFO - There are 1 files in /workspaces/hands-on-introduction-data-engineering-4395021/airflow/dags
[2026-02-16T21:43:34.517+0000] {manager.py:758} INFO - Searching for files in /workspaces/hands-on-introduction-data-engineering-4395021/airflow/dags
[2026-02-16T21:43:34.518+0000] {manager.py:761} INFO - There are 1 files in /workspaces/hands-on-introduction-data-engineering-4395021/airflow/dags
[2026-02-16T21:43:36.584+0000] {manager.py:758} INFO - Searching for files in /workspaces/hands-on-introduction-data-engineering-4395021/airflow/dags
[2026-02-16T21:43:36.586+0000] {manager.py:761} INFO - There are 1 files in /workspaces/hands-on-introduction-data-engineering-4395021/airflow/dags
[2026-02-16T21:43:39.214+0000] {manager.py:758} INFO - Searching for files in /workspaces/hands-on-introduction-data-engineering-4395021/airflow/dags
[2026-02-16T21:43:39.215+0000] {manager.py:761} INFO - There are 1 files in /workspaces/hands-on-introduction-data-engineering-4395021/airflow/dags
[2026-02-16T21:43:41.616+0000] {manager.py:758} INFO - Searching for files in /workspaces/hands-on-introduction-data-engineering-4395021/airflow/dags
[2026-02-16T21:43:41.617+0000] {manager.py:761} INFO - There are 1 files in /workspaces/hands-on-introduction-data-engineering-4395021/airflow/dags
[2026-02-16T21:43:44.591+0000] {manager.py:758} INFO - Searching for files in /workspaces/hands-on-introduction-data-engineering-4395021/airflow/dags
[2026-02-16T21:43:44.593+0000] {manager.py:761} INFO - There are 1 files in /workspaces/hands-on-introduction-data-engineering-4395021/airflow/dags
[2026-02-16T21:43:46.664+0000] {manager.py:758} INFO - Searching for files in /workspaces/hands-on-introduction-data-engineering-4395021/airflow/dags
[2026-02-16T21:43:46.665+0000] {manager.py:761} INFO - There are 1 files in /workspaces/hands-on-introduction-data-engineering-4395021/airflow/dags
[2026-02-16T21:43:48.725+0000] {manager.py:758} INFO - Searching for files in /workspaces/hands-on-introduction-data-engineering-4395021/airflow/dags
[2026-02-16T21:43:48.726+0000] {manager.py:761} INFO - There are 1 files in /workspaces/hands-on-introduction-data-engineering-4395021/airflow/dags
[2026-02-16T21:43:51.697+0000] {manager.py:758} INFO - Searching for files in /workspaces/hands-on-introduction-data-engineering-4395021/airflow/dags
[2026-02-16T21:43:51.698+0000] {manager.py:761} INFO - There are 1 files in /workspaces/hands-on-introduction-data-engineering-4395021/airflow/dags
[2026-02-16T21:43:54.619+0000] {manager.py:758} INFO - Searching for files in /workspaces/hands-on-introduction-data-engineering-4395021/airflow/dags
[2026-02-16T21:43:54.620+0000] {manager.py:761} INFO - There are 1 files in /workspaces/hands-on-introduction-data-engineering-4395021/airflow/dags
[2026-02-16T21:43:55.815+0000] {manager.py:889} INFO - 
================================================================================
DAG File Processing Stats

File Path                                                                               PID    Runtime      # DAGs    # Errors  Last Runtime    Last Run
--------------------------------------------------------------------------------------  -----  ---------  --------  ----------  --------------  -------------------
/workspaces/hands-on-introduction-data-engineering-4395021/airflow/dags/extract_dag.py                           1           0  0.10s           2026-02-16T21:43:55
================================================================================
[2026-02-16T21:43:56.842+0000] {manager.py:758} INFO - Searching for files in /workspaces/hands-on-introduction-data-engineering-4395021/airflow/dags
[2026-02-16T21:43:56.844+0000] {manager.py:761} INFO - There are 1 files in /workspaces/hands-on-introduction-data-engineering-4395021/airflow/dags
[2026-02-16T21:43:58.916+0000] {manager.py:758} INFO - Searching for files in /workspaces/hands-on-introduction-data-engineering-4395021/airflow/dags
[2026-02-16T21:43:58.917+0000] {manager.py:761} INFO - There are 1 files in /workspaces/hands-on-introduction-data-engineering-4395021/airflow/dags
[2026-02-16T21:44:01.766+0000] {manager.py:758} INFO - Searching for files in /workspaces/hands-on-introduction-data-engineering-4395021/airflow/dags
[2026-02-16T21:44:01.767+0000] {manager.py:761} INFO - There are 1 files in /workspaces/hands-on-introduction-data-engineering-4395021/airflow/dags
[2026-02-16T21:44:04.645+0000] {manager.py:758} INFO - Searching for files in /workspaces/hands-on-introduction-data-engineering-4395021/airflow/dags
[2026-02-16T21:44:04.647+0000] {manager.py:761} INFO - There are 1 files in /workspaces/hands-on-introduction-data-engineering-4395021/airflow/dags
[2026-02-16T21:44:06.798+0000] {manager.py:758} INFO - Searching for files in /workspaces/hands-on-introduction-data-engineering-4395021/airflow/dags
[2026-02-16T21:44:06.799+0000] {manager.py:761} INFO - There are 1 files in /workspaces/hands-on-introduction-data-engineering-4395021/airflow/dags
[2026-02-16T21:44:09.270+0000] {manager.py:758} INFO - Searching for files in /workspaces/hands-on-introduction-data-engineering-4395021/airflow/dags
[2026-02-16T21:44:09.271+0000] {manager.py:761} INFO - There are 1 files in /workspaces/hands-on-introduction-data-engineering-4395021/airflow/dags
[2026-02-16T21:44:11.830+0000] {manager.py:758} INFO - Searching for files in /workspaces/hands-on-introduction-data-engineering-4395021/airflow/dags
[2026-02-16T21:44:11.831+0000] {manager.py:761} INFO - There are 1 files in /workspaces/hands-on-introduction-data-engineering-4395021/airflow/dags
[2026-02-16T21:44:14.672+0000] {manager.py:758} INFO - Searching for files in /workspaces/hands-on-introduction-data-engineering-4395021/airflow/dags
[2026-02-16T21:44:14.674+0000] {manager.py:761} INFO - There are 1 files in /workspaces/hands-on-introduction-data-engineering-4395021/airflow/dags
[2026-02-16T21:44:16.862+0000] {manager.py:758} INFO - Searching for files in /workspaces/hands-on-introduction-data-engineering-4395021/airflow/dags
[2026-02-16T21:44:16.863+0000] {manager.py:761} INFO - There are 1 files in /workspaces/hands-on-introduction-data-engineering-4395021/airflow/dags
[2026-02-16T21:44:18.922+0000] {manager.py:758} INFO - Searching for files in /workspaces/hands-on-introduction-data-engineering-4395021/airflow/dags
[2026-02-16T21:44:18.923+0000] {manager.py:761} INFO - There are 1 files in /workspaces/hands-on-introduction-data-engineering-4395021/airflow/dags
[2026-02-16T21:44:21.894+0000] {manager.py:758} INFO - Searching for files in /workspaces/hands-on-introduction-data-engineering-4395021/airflow/dags
[2026-02-16T21:44:21.895+0000] {manager.py:761} INFO - There are 1 files in /workspaces/hands-on-introduction-data-engineering-4395021/airflow/dags
[2026-02-16T21:44:24.699+0000] {manager.py:758} INFO - Searching for files in /workspaces/hands-on-introduction-data-engineering-4395021/airflow/dags
[2026-02-16T21:44:24.700+0000] {manager.py:761} INFO - There are 1 files in /workspaces/hands-on-introduction-data-engineering-4395021/airflow/dags
[2026-02-16T21:44:26.005+0000] {manager.py:889} INFO - 
================================================================================
DAG File Processing Stats

File Path                                                                               PID    Runtime      # DAGs    # Errors  Last Runtime    Last Run
--------------------------------------------------------------------------------------  -----  ---------  --------  ----------  --------------  -------------------
/workspaces/hands-on-introduction-data-engineering-4395021/airflow/dags/extract_dag.py                           1           0  0.10s           2026-02-16T21:44:26
================================================================================
[2026-02-16T21:44:27.032+0000] {manager.py:758} INFO - Searching for files in /workspaces/hands-on-introduction-data-engineering-4395021/airflow/dags
[2026-02-16T21:44:27.034+0000] {manager.py:761} INFO - There are 1 files in /workspaces/hands-on-introduction-data-engineering-4395021/airflow/dags
[2026-02-16T21:44:29.093+0000] {manager.py:758} INFO - Searching for files in /workspaces/hands-on-introduction-data-engineering-4395021/airflow/dags
[2026-02-16T21:44:29.094+0000] {manager.py:761} INFO - There are 1 files in /workspaces/hands-on-introduction-data-engineering-4395021/airflow/dags
[2026-02-16T21:44:31.956+0000] {manager.py:758} INFO - Searching for files in /workspaces/hands-on-introduction-data-engineering-4395021/airflow/dags
[2026-02-16T21:44:31.957+0000] {manager.py:761} INFO - There are 1 files in /workspaces/hands-on-introduction-data-engineering-4395021/airflow/dags
[2026-02-16T21:44:34.725+0000] {manager.py:758} INFO - Searching for files in /workspaces/hands-on-introduction-data-engineering-4395021/airflow/dags
[2026-02-16T21:44:34.726+0000] {manager.py:761} INFO - There are 1 files in /workspaces/hands-on-introduction-data-engineering-4395021/airflow/dags
[2026-02-16T21:44:36.987+0000] {manager.py:758} INFO - Searching for files in /workspaces/hands-on-introduction-data-engineering-4395021/airflow/dags
[2026-02-16T21:44:36.988+0000] {manager.py:761} INFO - There are 1 files in /workspaces/hands-on-introduction-data-engineering-4395021/airflow/dags
[2026-02-16T21:44:39.323+0000] {manager.py:758} INFO - Searching for files in /workspaces/hands-on-introduction-data-engineering-4395021/airflow/dags
[2026-02-16T21:44:39.324+0000] {manager.py:761} INFO - There are 1 files in /workspaces/hands-on-introduction-data-engineering-4395021/airflow/dags
[2026-02-16T21:44:42.018+0000] {manager.py:758} INFO - Searching for files in /workspaces/hands-on-introduction-data-engineering-4395021/airflow/dags
[2026-02-16T21:44:42.019+0000] {manager.py:761} INFO - There are 1 files in /workspaces/hands-on-introduction-data-engineering-4395021/airflow/dags
[2026-02-16T21:44:44.752+0000] {manager.py:758} INFO - Searching for files in /workspaces/hands-on-introduction-data-engineering-4395021/airflow/dags
[2026-02-16T21:44:44.753+0000] {manager.py:761} INFO - There are 1 files in /workspaces/hands-on-introduction-data-engineering-4395021/airflow/dags
[2026-02-16T21:44:47.050+0000] {manager.py:758} INFO - Searching for files in /workspaces/hands-on-introduction-data-engineering-4395021/airflow/dags
[2026-02-16T21:44:47.051+0000] {manager.py:761} INFO - There are 1 files in /workspaces/hands-on-introduction-data-engineering-4395021/airflow/dags
[2026-02-16T21:44:49.112+0000] {manager.py:758} INFO - Searching for files in /workspaces/hands-on-introduction-data-engineering-4395021/airflow/dags
[2026-02-16T21:44:49.114+0000] {manager.py:761} INFO - There are 1 files in /workspaces/hands-on-introduction-data-engineering-4395021/airflow/dags
[2026-02-16T21:44:52.083+0000] {manager.py:758} INFO - Searching for files in /workspaces/hands-on-introduction-data-engineering-4395021/airflow/dags
[2026-02-16T21:44:52.084+0000] {manager.py:761} INFO - There are 1 files in /workspaces/hands-on-introduction-data-engineering-4395021/airflow/dags
[2026-02-16T21:44:54.779+0000] {manager.py:758} INFO - Searching for files in /workspaces/hands-on-introduction-data-engineering-4395021/airflow/dags
[2026-02-16T21:44:54.780+0000] {manager.py:761} INFO - There are 1 files in /workspaces/hands-on-introduction-data-engineering-4395021/airflow/dags
[2026-02-16T21:44:56.199+0000] {manager.py:889} INFO - 
================================================================================
DAG File Processing Stats

File Path                                                                               PID    Runtime      # DAGs    # Errors  Last Runtime    Last Run
--------------------------------------------------------------------------------------  -----  ---------  --------  ----------  --------------  -------------------
/workspaces/hands-on-introduction-data-engineering-4395021/airflow/dags/extract_dag.py                           1           0  0.11s           2026-02-16T21:44:56
================================================================================
[2026-02-16T21:44:57.227+0000] {manager.py:758} INFO - Searching for files in /workspaces/hands-on-introduction-data-engineering-4395021/airflow/dags
[2026-02-16T21:44:57.228+0000] {manager.py:761} INFO - There are 1 files in /workspaces/hands-on-introduction-data-engineering-4395021/airflow/dags
[2026-02-16T21:44:59.289+0000] {manager.py:758} INFO - Searching for files in /workspaces/hands-on-introduction-data-engineering-4395021/airflow/dags
[2026-02-16T21:44:59.290+0000] {manager.py:761} INFO - There are 1 files in /workspaces/hands-on-introduction-data-engineering-4395021/airflow/dags
[2026-02-16T21:45:02.150+0000] {manager.py:758} INFO - Searching for files in /workspaces/hands-on-introduction-data-engineering-4395021/airflow/dags
[2026-02-16T21:45:02.151+0000] {manager.py:761} INFO - There are 1 files in /workspaces/hands-on-introduction-data-engineering-4395021/airflow/dags
[2026-02-16T21:45:04.805+0000] {manager.py:758} INFO - Searching for files in /workspaces/hands-on-introduction-data-engineering-4395021/airflow/dags
[2026-02-16T21:45:04.806+0000] {manager.py:761} INFO - There are 1 files in /workspaces/hands-on-introduction-data-engineering-4395021/airflow/dags
[2026-02-16T21:45:07.181+0000] {manager.py:758} INFO - Searching for files in /workspaces/hands-on-introduction-data-engineering-4395021/airflow/dags
[2026-02-16T21:45:07.182+0000] {manager.py:761} INFO - There are 1 files in /workspaces/hands-on-introduction-data-engineering-4395021/airflow/dags
[2026-02-16T21:45:09.383+0000] {manager.py:758} INFO - Searching for files in /workspaces/hands-on-introduction-data-engineering-4395021/airflow/dags
[2026-02-16T21:45:09.384+0000] {manager.py:761} INFO - There are 1 files in /workspaces/hands-on-introduction-data-engineering-4395021/airflow/dags
[2026-02-16T21:45:12.213+0000] {manager.py:758} INFO - Searching for files in /workspaces/hands-on-introduction-data-engineering-4395021/airflow/dags
[2026-02-16T21:45:12.214+0000] {manager.py:761} INFO - There are 1 files in /workspaces/hands-on-introduction-data-engineering-4395021/airflow/dags
[2026-02-16T21:45:14.832+0000] {manager.py:758} INFO - Searching for files in /workspaces/hands-on-introduction-data-engineering-4395021/airflow/dags
[2026-02-16T21:45:14.833+0000] {manager.py:761} INFO - There are 1 files in /workspaces/hands-on-introduction-data-engineering-4395021/airflow/dags
[2026-02-16T21:45:17.245+0000] {manager.py:758} INFO - Searching for files in /workspaces/hands-on-introduction-data-engineering-4395021/airflow/dags
[2026-02-16T21:45:17.246+0000] {manager.py:761} INFO - There are 1 files in /workspaces/hands-on-introduction-data-engineering-4395021/airflow/dags
[2026-02-16T21:45:19.305+0000] {manager.py:758} INFO - Searching for files in /workspaces/hands-on-introduction-data-engineering-4395021/airflow/dags
[2026-02-16T21:45:19.307+0000] {manager.py:761} INFO - There are 1 files in /workspaces/hands-on-introduction-data-engineering-4395021/airflow/dags
[2026-02-16T21:45:22.278+0000] {manager.py:758} INFO - Searching for files in /workspaces/hands-on-introduction-data-engineering-4395021/airflow/dags
[2026-02-16T21:45:22.279+0000] {manager.py:761} INFO - There are 1 files in /workspaces/hands-on-introduction-data-engineering-4395021/airflow/dags
[2026-02-16T21:45:24.858+0000] {manager.py:758} INFO - Searching for files in /workspaces/hands-on-introduction-data-engineering-4395021/airflow/dags
[2026-02-16T21:45:24.860+0000] {manager.py:761} INFO - There are 1 files in /workspaces/hands-on-introduction-data-engineering-4395021/airflow/dags
[2026-02-16T21:45:26.390+0000] {manager.py:889} INFO - 
================================================================================
DAG File Processing Stats

File Path                                                                               PID    Runtime      # DAGs    # Errors  Last Runtime    Last Run
--------------------------------------------------------------------------------------  -----  ---------  --------  ----------  --------------  -------------------
/workspaces/hands-on-introduction-data-engineering-4395021/airflow/dags/extract_dag.py                           1           0  0.10s           2026-02-16T21:45:26
================================================================================
[2026-02-16T21:45:27.417+0000] {manager.py:758} INFO - Searching for files in /workspaces/hands-on-introduction-data-engineering-4395021/airflow/dags
[2026-02-16T21:45:27.419+0000] {manager.py:761} INFO - There are 1 files in /workspaces/hands-on-introduction-data-engineering-4395021/airflow/dags
[2026-02-16T21:45:29.479+0000] {manager.py:758} INFO - Searching for files in /workspaces/hands-on-introduction-data-engineering-4395021/airflow/dags
[2026-02-16T21:45:29.480+0000] {manager.py:761} INFO - There are 1 files in /workspaces/hands-on-introduction-data-engineering-4395021/airflow/dags
[2026-02-16T21:45:32.343+0000] {manager.py:758} INFO - Searching for files in /workspaces/hands-on-introduction-data-engineering-4395021/airflow/dags
[2026-02-16T21:45:32.344+0000] {manager.py:761} INFO - There are 1 files in /workspaces/hands-on-introduction-data-engineering-4395021/airflow/dags
[2026-02-16T21:45:34.885+0000] {manager.py:758} INFO - Searching for files in /workspaces/hands-on-introduction-data-engineering-4395021/airflow/dags
[2026-02-16T21:45:34.886+0000] {manager.py:761} INFO - There are 1 files in /workspaces/hands-on-introduction-data-engineering-4395021/airflow/dags
[2026-02-16T21:45:37.376+0000] {manager.py:758} INFO - Searching for files in /workspaces/hands-on-introduction-data-engineering-4395021/airflow/dags
[2026-02-16T21:45:37.377+0000] {manager.py:761} INFO - There are 1 files in /workspaces/hands-on-introduction-data-engineering-4395021/airflow/dags
[2026-02-16T21:45:39.436+0000] {manager.py:758} INFO - Searching for files in /workspaces/hands-on-introduction-data-engineering-4395021/airflow/dags
[2026-02-16T21:45:39.439+0000] {manager.py:761} INFO - There are 1 files in /workspaces/hands-on-introduction-data-engineering-4395021/airflow/dags
[2026-02-16T21:45:42.407+0000] {manager.py:758} INFO - Searching for files in /workspaces/hands-on-introduction-data-engineering-4395021/airflow/dags
[2026-02-16T21:45:42.408+0000] {manager.py:761} INFO - There are 1 files in /workspaces/hands-on-introduction-data-engineering-4395021/airflow/dags
[2026-02-16T21:45:44.911+0000] {manager.py:758} INFO - Searching for files in /workspaces/hands-on-introduction-data-engineering-4395021/airflow/dags
[2026-02-16T21:45:44.912+0000] {manager.py:761} INFO - There are 1 files in /workspaces/hands-on-introduction-data-engineering-4395021/airflow/dags
[2026-02-16T21:45:47.439+0000] {manager.py:758} INFO - Searching for files in /workspaces/hands-on-introduction-data-engineering-4395021/airflow/dags
[2026-02-16T21:45:47.440+0000] {manager.py:761} INFO - There are 1 files in /workspaces/hands-on-introduction-data-engineering-4395021/airflow/dags
[2026-02-16T21:45:49.502+0000] {manager.py:758} INFO - Searching for files in /workspaces/hands-on-introduction-data-engineering-4395021/airflow/dags
[2026-02-16T21:45:49.507+0000] {manager.py:761} INFO - There are 1 files in /workspaces/hands-on-introduction-data-engineering-4395021/airflow/dags
[2026-02-16T21:45:52.472+0000] {manager.py:758} INFO - Searching for files in /workspaces/hands-on-introduction-data-engineering-4395021/airflow/dags
[2026-02-16T21:45:52.473+0000] {manager.py:761} INFO - There are 1 files in /workspaces/hands-on-introduction-data-engineering-4395021/airflow/dags
[2026-02-16T21:45:54.938+0000] {manager.py:758} INFO - Searching for files in /workspaces/hands-on-introduction-data-engineering-4395021/airflow/dags
[2026-02-16T21:45:54.939+0000] {manager.py:761} INFO - There are 1 files in /workspaces/hands-on-introduction-data-engineering-4395021/airflow/dags
[2026-02-16T21:45:56.585+0000] {manager.py:889} INFO - 
================================================================================
DAG File Processing Stats

File Path                                                                               PID    Runtime      # DAGs    # Errors  Last Runtime    Last Run
--------------------------------------------------------------------------------------  -----  ---------  --------  ----------  --------------  -------------------
/workspaces/hands-on-introduction-data-engineering-4395021/airflow/dags/extract_dag.py                           1           0  0.10s           2026-02-16T21:45:56
================================================================================
[2026-02-16T21:45:57.613+0000] {manager.py:758} INFO - Searching for files in /workspaces/hands-on-introduction-data-engineering-4395021/airflow/dags
[2026-02-16T21:45:57.615+0000] {manager.py:761} INFO - There are 1 files in /workspaces/hands-on-introduction-data-engineering-4395021/airflow/dags
[2026-02-16T21:45:59.675+0000] {manager.py:758} INFO - Searching for files in /workspaces/hands-on-introduction-data-engineering-4395021/airflow/dags
[2026-02-16T21:45:59.676+0000] {manager.py:761} INFO - There are 1 files in /workspaces/hands-on-introduction-data-engineering-4395021/airflow/dags
[2026-02-16T21:46:02.547+0000] {manager.py:758} INFO - Searching for files in /workspaces/hands-on-introduction-data-engineering-4395021/airflow/dags
[2026-02-16T21:46:02.548+0000] {manager.py:761} INFO - There are 1 files in /workspaces/hands-on-introduction-data-engineering-4395021/airflow/dags
[2026-02-16T21:46:04.964+0000] {manager.py:758} INFO - Searching for files in /workspaces/hands-on-introduction-data-engineering-4395021/airflow/dags
[2026-02-16T21:46:04.965+0000] {manager.py:761} INFO - There are 1 files in /workspaces/hands-on-introduction-data-engineering-4395021/airflow/dags
[2026-02-16T21:46:07.574+0000] {manager.py:758} INFO - Searching for files in /workspaces/hands-on-introduction-data-engineering-4395021/airflow/dags
[2026-02-16T21:46:07.575+0000] {manager.py:761} INFO - There are 1 files in /workspaces/hands-on-introduction-data-engineering-4395021/airflow/dags
[2026-02-16T21:46:10.514+0000] {manager.py:758} INFO - Searching for files in /workspaces/hands-on-introduction-data-engineering-4395021/airflow/dags
[2026-02-16T21:46:10.515+0000] {manager.py:761} INFO - There are 1 files in /workspaces/hands-on-introduction-data-engineering-4395021/airflow/dags
[2026-02-16T21:46:12.583+0000] {manager.py:758} INFO - Searching for files in /workspaces/hands-on-introduction-data-engineering-4395021/airflow/dags
[2026-02-16T21:46:12.584+0000] {manager.py:761} INFO - There are 1 files in /workspaces/hands-on-introduction-data-engineering-4395021/airflow/dags
[2026-02-16T21:46:14.990+0000] {manager.py:758} INFO - Searching for files in /workspaces/hands-on-introduction-data-engineering-4395021/airflow/dags
[2026-02-16T21:46:14.991+0000] {manager.py:761} INFO - There are 1 files in /workspaces/hands-on-introduction-data-engineering-4395021/airflow/dags
[2026-02-16T21:46:17.615+0000] {manager.py:758} INFO - Searching for files in /workspaces/hands-on-introduction-data-engineering-4395021/airflow/dags
[2026-02-16T21:46:17.616+0000] {manager.py:761} INFO - There are 1 files in /workspaces/hands-on-introduction-data-engineering-4395021/airflow/dags
[2026-02-16T21:46:19.677+0000] {manager.py:758} INFO - Searching for files in /workspaces/hands-on-introduction-data-engineering-4395021/airflow/dags
[2026-02-16T21:46:19.678+0000] {manager.py:761} INFO - There are 1 files in /workspaces/hands-on-introduction-data-engineering-4395021/airflow/dags
[2026-02-16T21:46:22.648+0000] {manager.py:758} INFO - Searching for files in /workspaces/hands-on-introduction-data-engineering-4395021/airflow/dags
[2026-02-16T21:46:22.649+0000] {manager.py:761} INFO - There are 1 files in /workspaces/hands-on-introduction-data-engineering-4395021/airflow/dags
[2026-02-16T21:46:25.022+0000] {manager.py:758} INFO - Searching for files in /workspaces/hands-on-introduction-data-engineering-4395021/airflow/dags
[2026-02-16T21:46:25.023+0000] {manager.py:761} INFO - There are 1 files in /workspaces/hands-on-introduction-data-engineering-4395021/airflow/dags
[2026-02-16T21:46:26.760+0000] {manager.py:889} INFO - 
================================================================================
DAG File Processing Stats

File Path                                                                               PID    Runtime      # DAGs    # Errors  Last Runtime    Last Run
--------------------------------------------------------------------------------------  -----  ---------  --------  ----------  --------------  -------------------
/workspaces/hands-on-introduction-data-engineering-4395021/airflow/dags/extract_dag.py                           1           0  0.10s           2026-02-16T21:46:26
================================================================================
[2026-02-16T21:46:27.788+0000] {manager.py:758} INFO - Searching for files in /workspaces/hands-on-introduction-data-engineering-4395021/airflow/dags
[2026-02-16T21:46:27.789+0000] {manager.py:761} INFO - There are 1 files in /workspaces/hands-on-introduction-data-engineering-4395021/airflow/dags
[2026-02-16T21:46:29.849+0000] {manager.py:758} INFO - Searching for files in /workspaces/hands-on-introduction-data-engineering-4395021/airflow/dags
[2026-02-16T21:46:29.850+0000] {manager.py:761} INFO - There are 1 files in /workspaces/hands-on-introduction-data-engineering-4395021/airflow/dags
[2026-02-16T21:46:32.717+0000] {manager.py:758} INFO - Searching for files in /workspaces/hands-on-introduction-data-engineering-4395021/airflow/dags
[2026-02-16T21:46:32.719+0000] {manager.py:761} INFO - There are 1 files in /workspaces/hands-on-introduction-data-engineering-4395021/airflow/dags
[2026-02-16T21:46:35.048+0000] {manager.py:758} INFO - Searching for files in /workspaces/hands-on-introduction-data-engineering-4395021/airflow/dags
[2026-02-16T21:46:35.049+0000] {manager.py:761} INFO - There are 1 files in /workspaces/hands-on-introduction-data-engineering-4395021/airflow/dags
[2026-02-16T21:46:37.770+0000] {manager.py:758} INFO - Searching for files in /workspaces/hands-on-introduction-data-engineering-4395021/airflow/dags
[2026-02-16T21:46:37.771+0000] {manager.py:761} INFO - There are 1 files in /workspaces/hands-on-introduction-data-engineering-4395021/airflow/dags
[2026-02-16T21:46:40.580+0000] {manager.py:758} INFO - Searching for files in /workspaces/hands-on-introduction-data-engineering-4395021/airflow/dags
[2026-02-16T21:46:40.581+0000] {manager.py:761} INFO - There are 1 files in /workspaces/hands-on-introduction-data-engineering-4395021/airflow/dags
[2026-02-16T21:46:42.809+0000] {manager.py:758} INFO - Searching for files in /workspaces/hands-on-introduction-data-engineering-4395021/airflow/dags
[2026-02-16T21:46:42.810+0000] {manager.py:761} INFO - There are 1 files in /workspaces/hands-on-introduction-data-engineering-4395021/airflow/dags
[2026-02-16T21:46:45.074+0000] {manager.py:758} INFO - Searching for files in /workspaces/hands-on-introduction-data-engineering-4395021/airflow/dags
[2026-02-16T21:46:45.075+0000] {manager.py:761} INFO - There are 1 files in /workspaces/hands-on-introduction-data-engineering-4395021/airflow/dags
